"","variable","unit","fuel","year","value","iso"
"1","elec_net_generation","mil_kwh","coal",1949,135451.32,"usa"
"2","elec_net_generation","mil_kwh","coal",1950,154519.994,"usa"
"3","elec_net_generation","mil_kwh","coal",1951,185203.657,"usa"
"4","elec_net_generation","mil_kwh","coal",1952,195436.666,"usa"
"5","elec_net_generation","mil_kwh","coal",1953,218846.325,"usa"
"6","elec_net_generation","mil_kwh","coal",1954,239145.966,"usa"
"7","elec_net_generation","mil_kwh","coal",1955,301362.698,"usa"
"8","elec_net_generation","mil_kwh","coal",1956,338503.484,"usa"
"9","elec_net_generation","mil_kwh","coal",1957,346386.207,"usa"
"10","elec_net_generation","mil_kwh","coal",1958,344365.781,"usa"
"11","elec_net_generation","mil_kwh","coal",1959,378424.21,"usa"
"12","elec_net_generation","mil_kwh","coal",1960,403067.357,"usa"
"13","elec_net_generation","mil_kwh","coal",1961,421870.669,"usa"
"14","elec_net_generation","mil_kwh","coal",1962,450249.238,"usa"
"15","elec_net_generation","mil_kwh","coal",1963,493926.719,"usa"
"16","elec_net_generation","mil_kwh","coal",1964,526230.019,"usa"
"17","elec_net_generation","mil_kwh","coal",1965,570925.951,"usa"
"18","elec_net_generation","mil_kwh","coal",1966,613474.8,"usa"
"19","elec_net_generation","mil_kwh","coal",1967,630483.363,"usa"
"20","elec_net_generation","mil_kwh","coal",1968,684904.58,"usa"
"21","elec_net_generation","mil_kwh","coal",1969,706001.24,"usa"
"22","elec_net_generation","mil_kwh","coal",1970,704394.479,"usa"
"23","elec_net_generation","mil_kwh","coal",1971,713102.454,"usa"
"24","elec_net_generation","mil_kwh","coal",1972,771131.265,"usa"
"37","elec_net_generation","mil_kwh","coal",1973,847651.47,"usa"
"50","elec_net_generation","mil_kwh","coal",1974,828432.921,"usa"
"63","elec_net_generation","mil_kwh","coal",1975,852786.222,"usa"
"76","elec_net_generation","mil_kwh","coal",1976,944390.993,"usa"
"89","elec_net_generation","mil_kwh","coal",1977,985218.596,"usa"
"102","elec_net_generation","mil_kwh","coal",1978,975742.083,"usa"
"115","elec_net_generation","mil_kwh","coal",1979,1075037.091,"usa"
"128","elec_net_generation","mil_kwh","coal",1980,1161562.368,"usa"
"141","elec_net_generation","mil_kwh","coal",1981,1203203.232,"usa"
"154","elec_net_generation","mil_kwh","coal",1982,1192004.204,"usa"
"167","elec_net_generation","mil_kwh","coal",1983,1259424.279,"usa"
"180","elec_net_generation","mil_kwh","coal",1984,1341680.752,"usa"
"193","elec_net_generation","mil_kwh","coal",1985,1402128.125,"usa"
"206","elec_net_generation","mil_kwh","coal",1986,1385831.452,"usa"
"219","elec_net_generation","mil_kwh","coal",1987,1463781.289,"usa"
"232","elec_net_generation","mil_kwh","coal",1988,1540652.774,"usa"
"245","elec_net_generation","mil_kwh","coal",1989,1583779.139,"usa"
"258","elec_net_generation","mil_kwh","coal",1990,1594011.479,"usa"
"271","elec_net_generation","mil_kwh","coal",1991,1590622.748,"usa"
"284","elec_net_generation","mil_kwh","coal",1992,1621206.039,"usa"
"297","elec_net_generation","mil_kwh","coal",1993,1690070.232,"usa"
"310","elec_net_generation","mil_kwh","coal",1994,1690693.864,"usa"
"323","elec_net_generation","mil_kwh","coal",1995,1709426.468,"usa"
"336","elec_net_generation","mil_kwh","coal",1996,1795195.593,"usa"
"349","elec_net_generation","mil_kwh","coal",1997,1845015.736,"usa"
"362","elec_net_generation","mil_kwh","coal",1998,1873515.69,"usa"
"375","elec_net_generation","mil_kwh","coal",1999,1881087.224,"usa"
"388","elec_net_generation","mil_kwh","coal",2000,1966264.596,"usa"
"401","elec_net_generation","mil_kwh","coal",2001,1903955.942,"usa"
"414","elec_net_generation","mil_kwh","coal",2002,1933130.354,"usa"
"427","elec_net_generation","mil_kwh","coal",2003,1973736.752,"usa"
"440","elec_net_generation","mil_kwh","coal",2004,1978300.549,"usa"
"453","elec_net_generation","mil_kwh","coal",2005,2012873.046,"usa"
"466","elec_net_generation","mil_kwh","coal",2006,1990511.135,"usa"
"479","elec_net_generation","mil_kwh","coal",2007,2016455.584,"usa"
"492","elec_net_generation","mil_kwh","coal",2008,1985801.247,"usa"
"505","elec_net_generation","mil_kwh","coal",2009,1755904.253,"usa"
"518","elec_net_generation","mil_kwh","coal",2010,1847290.279,"usa"
"531","elec_net_generation","mil_kwh","coal",2011,1733430.005,"usa"
"544","elec_net_generation","mil_kwh","coal",2012,1514042.945,"usa"
"557","elec_net_generation","mil_kwh","coal",2013,1581114.716,"usa"
"570","elec_net_generation","mil_kwh","coal",2014,1581710.35,"usa"
"581","elec_net_generation","mil_kwh","petroleum",1949,28547.232,"usa"
"582","elec_net_generation","mil_kwh","petroleum",1950,33734.288,"usa"
"583","elec_net_generation","mil_kwh","petroleum",1951,28712.116,"usa"
"584","elec_net_generation","mil_kwh","petroleum",1952,29749.761,"usa"
"585","elec_net_generation","mil_kwh","petroleum",1953,38404.449,"usa"
"586","elec_net_generation","mil_kwh","petroleum",1954,31520.175,"usa"
"587","elec_net_generation","mil_kwh","petroleum",1955,37138.308,"usa"
"588","elec_net_generation","mil_kwh","petroleum",1956,35946.772,"usa"
"589","elec_net_generation","mil_kwh","petroleum",1957,40499.357,"usa"
"590","elec_net_generation","mil_kwh","petroleum",1958,40371.54,"usa"
"591","elec_net_generation","mil_kwh","petroleum",1959,46839.719,"usa"
"592","elec_net_generation","mil_kwh","petroleum",1960,47986.893,"usa"
"593","elec_net_generation","mil_kwh","petroleum",1961,48519.376,"usa"
"594","elec_net_generation","mil_kwh","petroleum",1962,48879.536,"usa"
"595","elec_net_generation","mil_kwh","petroleum",1963,52001.61,"usa"
"596","elec_net_generation","mil_kwh","petroleum",1964,56953.712,"usa"
"597","elec_net_generation","mil_kwh","petroleum",1965,64801.224,"usa"
"598","elec_net_generation","mil_kwh","petroleum",1966,78926.172,"usa"
"599","elec_net_generation","mil_kwh","petroleum",1967,89270.724,"usa"
"600","elec_net_generation","mil_kwh","petroleum",1968,104275.833,"usa"
"601","elec_net_generation","mil_kwh","petroleum",1969,137847.152,"usa"
"602","elec_net_generation","mil_kwh","petroleum",1970,184183.402,"usa"
"603","elec_net_generation","mil_kwh","petroleum",1971,220225.423,"usa"
"604","elec_net_generation","mil_kwh","petroleum",1972,274295.961,"usa"
"617","elec_net_generation","mil_kwh","petroleum",1973,314342.926,"usa"
"630","elec_net_generation","mil_kwh","petroleum",1974,300930.537,"usa"
"643","elec_net_generation","mil_kwh","petroleum",1975,289094.9,"usa"
"656","elec_net_generation","mil_kwh","petroleum",1976,319988.136,"usa"
"669","elec_net_generation","mil_kwh","petroleum",1977,358178.822,"usa"
"682","elec_net_generation","mil_kwh","petroleum",1978,365060.441,"usa"
"695","elec_net_generation","mil_kwh","petroleum",1979,303525.209,"usa"
"708","elec_net_generation","mil_kwh","petroleum",1980,245994.189,"usa"
"721","elec_net_generation","mil_kwh","petroleum",1981,206420.775,"usa"
"734","elec_net_generation","mil_kwh","petroleum",1982,146797.49,"usa"
"747","elec_net_generation","mil_kwh","petroleum",1983,144498.593,"usa"
"760","elec_net_generation","mil_kwh","petroleum",1984,119807.913,"usa"
"773","elec_net_generation","mil_kwh","petroleum",1985,100202.273,"usa"
"786","elec_net_generation","mil_kwh","petroleum",1986,136584.867,"usa"
"799","elec_net_generation","mil_kwh","petroleum",1987,118492.571,"usa"
"812","elec_net_generation","mil_kwh","petroleum",1988,148899.561,"usa"
"825","elec_net_generation","mil_kwh","petroleum",1989,164358.52,"usa"
"838","elec_net_generation","mil_kwh","petroleum",1990,126460.202,"usa"
"851","elec_net_generation","mil_kwh","petroleum",1991,119751.573,"usa"
"864","elec_net_generation","mil_kwh","petroleum",1992,100154.163,"usa"
"877","elec_net_generation","mil_kwh","petroleum",1993,112788.18,"usa"
"890","elec_net_generation","mil_kwh","petroleum",1994,105900.983,"usa"
"903","elec_net_generation","mil_kwh","petroleum",1995,74554.065,"usa"
"916","elec_net_generation","mil_kwh","petroleum",1996,81411.225,"usa"
"929","elec_net_generation","mil_kwh","petroleum",1997,92554.873,"usa"
"942","elec_net_generation","mil_kwh","petroleum",1998,128800.173,"usa"
"955","elec_net_generation","mil_kwh","petroleum",1999,118060.838,"usa"
"968","elec_net_generation","mil_kwh","petroleum",2000,111220.965,"usa"
"981","elec_net_generation","mil_kwh","petroleum",2001,124880.221,"usa"
"994","elec_net_generation","mil_kwh","petroleum",2002,94567.395,"usa"
"1007","elec_net_generation","mil_kwh","petroleum",2003,119405.643,"usa"
"1020","elec_net_generation","mil_kwh","petroleum",2004,121145.057,"usa"
"1033","elec_net_generation","mil_kwh","petroleum",2005,122225.017,"usa"
"1046","elec_net_generation","mil_kwh","petroleum",2006,64166.414,"usa"
"1059","elec_net_generation","mil_kwh","petroleum",2007,65738.978,"usa"
"1072","elec_net_generation","mil_kwh","petroleum",2008,46242.612,"usa"
"1085","elec_net_generation","mil_kwh","petroleum",2009,38936.515,"usa"
"1098","elec_net_generation","mil_kwh","petroleum",2010,37061.013,"usa"
"1111","elec_net_generation","mil_kwh","petroleum",2011,30182.245,"usa"
"1124","elec_net_generation","mil_kwh","petroleum",2012,23189.542,"usa"
"1137","elec_net_generation","mil_kwh","petroleum",2013,27164.444,"usa"
"1150","elec_net_generation","mil_kwh","petroleum",2014,30231.862,"usa"
"1161","elec_net_generation","mil_kwh","natural_gas",1949,36966.709,"usa"
"1162","elec_net_generation","mil_kwh","natural_gas",1950,44559.159,"usa"
"1163","elec_net_generation","mil_kwh","natural_gas",1951,56615.678,"usa"
"1164","elec_net_generation","mil_kwh","natural_gas",1952,68453.088,"usa"
"1165","elec_net_generation","mil_kwh","natural_gas",1953,79790.975,"usa"
"1166","elec_net_generation","mil_kwh","natural_gas",1954,93688.271,"usa"
"1167","elec_net_generation","mil_kwh","natural_gas",1955,95285.441,"usa"
"1168","elec_net_generation","mil_kwh","natural_gas",1956,104037.208,"usa"
"1169","elec_net_generation","mil_kwh","natural_gas",1957,114212.525,"usa"
"1170","elec_net_generation","mil_kwh","natural_gas",1958,119759.302,"usa"
"1171","elec_net_generation","mil_kwh","natural_gas",1959,146619.391,"usa"
"1172","elec_net_generation","mil_kwh","natural_gas",1960,157969.787,"usa"
"1173","elec_net_generation","mil_kwh","natural_gas",1961,169285.998,"usa"
"1174","elec_net_generation","mil_kwh","natural_gas",1962,184301.293,"usa"
"1175","elec_net_generation","mil_kwh","natural_gas",1963,201602.073,"usa"
"1176","elec_net_generation","mil_kwh","natural_gas",1964,220038.479,"usa"
"1177","elec_net_generation","mil_kwh","natural_gas",1965,221559.434,"usa"
"1178","elec_net_generation","mil_kwh","natural_gas",1966,251151.562,"usa"
"1179","elec_net_generation","mil_kwh","natural_gas",1967,264805.785,"usa"
"1180","elec_net_generation","mil_kwh","natural_gas",1968,304432.723,"usa"
"1181","elec_net_generation","mil_kwh","natural_gas",1969,333278.945,"usa"
"1182","elec_net_generation","mil_kwh","natural_gas",1970,372890.063,"usa"
"1183","elec_net_generation","mil_kwh","natural_gas",1971,374030.784,"usa"
"1184","elec_net_generation","mil_kwh","natural_gas",1972,375747.796,"usa"
"1197","elec_net_generation","mil_kwh","natural_gas",1973,340858.192,"usa"
"1210","elec_net_generation","mil_kwh","natural_gas",1974,320065.088,"usa"
"1223","elec_net_generation","mil_kwh","natural_gas",1975,299778.408,"usa"
"1236","elec_net_generation","mil_kwh","natural_gas",1976,294623.911,"usa"
"1249","elec_net_generation","mil_kwh","natural_gas",1977,305504.859,"usa"
"1262","elec_net_generation","mil_kwh","natural_gas",1978,305390.836,"usa"
"1275","elec_net_generation","mil_kwh","natural_gas",1979,329485.107,"usa"
"1288","elec_net_generation","mil_kwh","natural_gas",1980,346239.9,"usa"
"1301","elec_net_generation","mil_kwh","natural_gas",1981,345777.173,"usa"
"1314","elec_net_generation","mil_kwh","natural_gas",1982,305259.749,"usa"
"1327","elec_net_generation","mil_kwh","natural_gas",1983,274098.458,"usa"
"1340","elec_net_generation","mil_kwh","natural_gas",1984,297393.596,"usa"
"1353","elec_net_generation","mil_kwh","natural_gas",1985,291945.965,"usa"
"1366","elec_net_generation","mil_kwh","natural_gas",1986,248508.433,"usa"
"1379","elec_net_generation","mil_kwh","natural_gas",1987,272620.803,"usa"
"1392","elec_net_generation","mil_kwh","natural_gas",1988,252800.704,"usa"
"1405","elec_net_generation","mil_kwh","natural_gas",1989,352628.866,"usa"
"1418","elec_net_generation","mil_kwh","natural_gas",1990,372765.154,"usa"
"1431","elec_net_generation","mil_kwh","natural_gas",1991,381553.017,"usa"
"1444","elec_net_generation","mil_kwh","natural_gas",1992,404074.372,"usa"
"1457","elec_net_generation","mil_kwh","natural_gas",1993,414926.798,"usa"
"1470","elec_net_generation","mil_kwh","natural_gas",1994,460218.682,"usa"
"1483","elec_net_generation","mil_kwh","natural_gas",1995,496057.945,"usa"
"1496","elec_net_generation","mil_kwh","natural_gas",1996,455055.576,"usa"
"1509","elec_net_generation","mil_kwh","natural_gas",1997,479398.67,"usa"
"1522","elec_net_generation","mil_kwh","natural_gas",1998,531257.104,"usa"
"1535","elec_net_generation","mil_kwh","natural_gas",1999,556396.127,"usa"
"1548","elec_net_generation","mil_kwh","natural_gas",2000,601038.159,"usa"
"1561","elec_net_generation","mil_kwh","natural_gas",2001,639129.119,"usa"
"1574","elec_net_generation","mil_kwh","natural_gas",2002,691005.744,"usa"
"1587","elec_net_generation","mil_kwh","natural_gas",2003,649907.539,"usa"
"1600","elec_net_generation","mil_kwh","natural_gas",2004,710100.017,"usa"
"1613","elec_net_generation","mil_kwh","natural_gas",2005,760960.254,"usa"
"1626","elec_net_generation","mil_kwh","natural_gas",2006,816440.77,"usa"
"1639","elec_net_generation","mil_kwh","natural_gas",2007,896589.791,"usa"
"1652","elec_net_generation","mil_kwh","natural_gas",2008,882980.599,"usa"
"1665","elec_net_generation","mil_kwh","natural_gas",2009,920978.681,"usa"
"1678","elec_net_generation","mil_kwh","natural_gas",2010,987697.234,"usa"
"1691","elec_net_generation","mil_kwh","natural_gas",2011,1013688.929,"usa"
"1704","elec_net_generation","mil_kwh","natural_gas",2012,1225894.175,"usa"
"1717","elec_net_generation","mil_kwh","natural_gas",2013,1124835.56,"usa"
"1730","elec_net_generation","mil_kwh","natural_gas",2014,1126608.958,"usa"
"1741","elec_net_generation","mil_kwh","other_gas",1949,0,"usa"
"1742","elec_net_generation","mil_kwh","other_gas",1950,0,"usa"
"1743","elec_net_generation","mil_kwh","other_gas",1951,0,"usa"
"1744","elec_net_generation","mil_kwh","other_gas",1952,0,"usa"
"1745","elec_net_generation","mil_kwh","other_gas",1953,0,"usa"
"1746","elec_net_generation","mil_kwh","other_gas",1954,0,"usa"
"1747","elec_net_generation","mil_kwh","other_gas",1955,0,"usa"
"1748","elec_net_generation","mil_kwh","other_gas",1956,0,"usa"
"1749","elec_net_generation","mil_kwh","other_gas",1957,0,"usa"
"1750","elec_net_generation","mil_kwh","other_gas",1958,0,"usa"
"1751","elec_net_generation","mil_kwh","other_gas",1959,0,"usa"
"1752","elec_net_generation","mil_kwh","other_gas",1960,0,"usa"
"1753","elec_net_generation","mil_kwh","other_gas",1961,0,"usa"
"1754","elec_net_generation","mil_kwh","other_gas",1962,0,"usa"
"1755","elec_net_generation","mil_kwh","other_gas",1963,0,"usa"
"1756","elec_net_generation","mil_kwh","other_gas",1964,0,"usa"
"1757","elec_net_generation","mil_kwh","other_gas",1965,0,"usa"
"1758","elec_net_generation","mil_kwh","other_gas",1966,0,"usa"
"1759","elec_net_generation","mil_kwh","other_gas",1967,0,"usa"
"1760","elec_net_generation","mil_kwh","other_gas",1968,0,"usa"
"1761","elec_net_generation","mil_kwh","other_gas",1969,0,"usa"
"1762","elec_net_generation","mil_kwh","other_gas",1970,0,"usa"
"1763","elec_net_generation","mil_kwh","other_gas",1971,0,"usa"
"1764","elec_net_generation","mil_kwh","other_gas",1972,0,"usa"
"1777","elec_net_generation","mil_kwh","other_gas",1973,0,"usa"
"1790","elec_net_generation","mil_kwh","other_gas",1974,0,"usa"
"1803","elec_net_generation","mil_kwh","other_gas",1975,0,"usa"
"1816","elec_net_generation","mil_kwh","other_gas",1976,0,"usa"
"1829","elec_net_generation","mil_kwh","other_gas",1977,0,"usa"
"1842","elec_net_generation","mil_kwh","other_gas",1978,0,"usa"
"1855","elec_net_generation","mil_kwh","other_gas",1979,0,"usa"
"1868","elec_net_generation","mil_kwh","other_gas",1980,0,"usa"
"1881","elec_net_generation","mil_kwh","other_gas",1981,0,"usa"
"1894","elec_net_generation","mil_kwh","other_gas",1982,0,"usa"
"1907","elec_net_generation","mil_kwh","other_gas",1983,0,"usa"
"1920","elec_net_generation","mil_kwh","other_gas",1984,0,"usa"
"1933","elec_net_generation","mil_kwh","other_gas",1985,0,"usa"
"1946","elec_net_generation","mil_kwh","other_gas",1986,0,"usa"
"1959","elec_net_generation","mil_kwh","other_gas",1987,0,"usa"
"1972","elec_net_generation","mil_kwh","other_gas",1988,0,"usa"
"1985","elec_net_generation","mil_kwh","other_gas",1989,7862.418,"usa"
"1998","elec_net_generation","mil_kwh","other_gas",1990,10382.83,"usa"
"2011","elec_net_generation","mil_kwh","other_gas",1991,11335.593,"usa"
"2024","elec_net_generation","mil_kwh","other_gas",1992,13270.237,"usa"
"2037","elec_net_generation","mil_kwh","other_gas",1993,12955.798,"usa"
"2050","elec_net_generation","mil_kwh","other_gas",1994,13319.051,"usa"
"2063","elec_net_generation","mil_kwh","other_gas",1995,13869.951,"usa"
"2076","elec_net_generation","mil_kwh","other_gas",1996,14355.813,"usa"
"2089","elec_net_generation","mil_kwh","other_gas",1997,13350.634,"usa"
"2102","elec_net_generation","mil_kwh","other_gas",1998,13492.23,"usa"
"2115","elec_net_generation","mil_kwh","other_gas",1999,14125.592,"usa"
"2128","elec_net_generation","mil_kwh","other_gas",2000,13954.758,"usa"
"2141","elec_net_generation","mil_kwh","other_gas",2001,9039.473,"usa"
"2154","elec_net_generation","mil_kwh","other_gas",2002,11462.684,"usa"
"2167","elec_net_generation","mil_kwh","other_gas",2003,15600.022,"usa"
"2180","elec_net_generation","mil_kwh","other_gas",2004,15252.431,"usa"
"2193","elec_net_generation","mil_kwh","other_gas",2005,13464.144,"usa"
"2206","elec_net_generation","mil_kwh","other_gas",2006,14176.808,"usa"
"2219","elec_net_generation","mil_kwh","other_gas",2007,13453.354,"usa"
"2232","elec_net_generation","mil_kwh","other_gas",2008,11706.876,"usa"
"2245","elec_net_generation","mil_kwh","other_gas",2009,10632.107,"usa"
"2258","elec_net_generation","mil_kwh","other_gas",2010,11312.787,"usa"
"2271","elec_net_generation","mil_kwh","other_gas",2011,11566.2,"usa"
"2284","elec_net_generation","mil_kwh","other_gas",2012,11897.585,"usa"
"2297","elec_net_generation","mil_kwh","other_gas",2013,12852.937,"usa"
"2310","elec_net_generation","mil_kwh","other_gas",2014,12021.786,"usa"
"2321","elec_net_generation","mil_kwh","nuclear",1949,0,"usa"
"2322","elec_net_generation","mil_kwh","nuclear",1950,0,"usa"
"2323","elec_net_generation","mil_kwh","nuclear",1951,0,"usa"
"2324","elec_net_generation","mil_kwh","nuclear",1952,0,"usa"
"2325","elec_net_generation","mil_kwh","nuclear",1953,0,"usa"
"2326","elec_net_generation","mil_kwh","nuclear",1954,0,"usa"
"2327","elec_net_generation","mil_kwh","nuclear",1955,0,"usa"
"2328","elec_net_generation","mil_kwh","nuclear",1956,0,"usa"
"2329","elec_net_generation","mil_kwh","nuclear",1957,9.67,"usa"
"2330","elec_net_generation","mil_kwh","nuclear",1958,164.691,"usa"
"2331","elec_net_generation","mil_kwh","nuclear",1959,188.101,"usa"
"2332","elec_net_generation","mil_kwh","nuclear",1960,518.182,"usa"
"2333","elec_net_generation","mil_kwh","nuclear",1961,1692.149,"usa"
"2334","elec_net_generation","mil_kwh","nuclear",1962,2269.685,"usa"
"2335","elec_net_generation","mil_kwh","nuclear",1963,3211.836,"usa"
"2336","elec_net_generation","mil_kwh","nuclear",1964,3342.743,"usa"
"2337","elec_net_generation","mil_kwh","nuclear",1965,3656.699,"usa"
"2338","elec_net_generation","mil_kwh","nuclear",1966,5519.909,"usa"
"2339","elec_net_generation","mil_kwh","nuclear",1967,7655.214,"usa"
"2340","elec_net_generation","mil_kwh","nuclear",1968,12528.419,"usa"
"2341","elec_net_generation","mil_kwh","nuclear",1969,13927.839,"usa"
"2342","elec_net_generation","mil_kwh","nuclear",1970,21804.448,"usa"
"2343","elec_net_generation","mil_kwh","nuclear",1971,38104.545,"usa"
"2344","elec_net_generation","mil_kwh","nuclear",1972,54091.135,"usa"
"2357","elec_net_generation","mil_kwh","nuclear",1973,83479.463,"usa"
"2370","elec_net_generation","mil_kwh","nuclear",1974,113975.74,"usa"
"2383","elec_net_generation","mil_kwh","nuclear",1975,172505.075,"usa"
"2396","elec_net_generation","mil_kwh","nuclear",1976,191103.531,"usa"
"2409","elec_net_generation","mil_kwh","nuclear",1977,250883.283,"usa"
"2422","elec_net_generation","mil_kwh","nuclear",1978,276403.07,"usa"
"2435","elec_net_generation","mil_kwh","nuclear",1979,255154.623,"usa"
"2448","elec_net_generation","mil_kwh","nuclear",1980,251115.575,"usa"
"2461","elec_net_generation","mil_kwh","nuclear",1981,272673.503,"usa"
"2474","elec_net_generation","mil_kwh","nuclear",1982,282773.248,"usa"
"2487","elec_net_generation","mil_kwh","nuclear",1983,293677.119,"usa"
"2500","elec_net_generation","mil_kwh","nuclear",1984,327633.549,"usa"
"2513","elec_net_generation","mil_kwh","nuclear",1985,383690.727,"usa"
"2526","elec_net_generation","mil_kwh","nuclear",1986,414038.063,"usa"
"2539","elec_net_generation","mil_kwh","nuclear",1987,455270.382,"usa"
"2552","elec_net_generation","mil_kwh","nuclear",1988,526973.047,"usa"
"2565","elec_net_generation","mil_kwh","nuclear",1989,529354.717,"usa"
"2578","elec_net_generation","mil_kwh","nuclear",1990,576861.678,"usa"
"2591","elec_net_generation","mil_kwh","nuclear",1991,612565.087,"usa"
"2604","elec_net_generation","mil_kwh","nuclear",1992,618776.263,"usa"
"2617","elec_net_generation","mil_kwh","nuclear",1993,610291.214,"usa"
"2630","elec_net_generation","mil_kwh","nuclear",1994,640439.832,"usa"
"2643","elec_net_generation","mil_kwh","nuclear",1995,673402.123,"usa"
"2656","elec_net_generation","mil_kwh","nuclear",1996,674728.546,"usa"
"2669","elec_net_generation","mil_kwh","nuclear",1997,628644.171,"usa"
"2682","elec_net_generation","mil_kwh","nuclear",1998,673702.104,"usa"
"2695","elec_net_generation","mil_kwh","nuclear",1999,728254.124,"usa"
"2708","elec_net_generation","mil_kwh","nuclear",2000,753892.94,"usa"
"2721","elec_net_generation","mil_kwh","nuclear",2001,768826.308,"usa"
"2734","elec_net_generation","mil_kwh","nuclear",2002,780064.087,"usa"
"2747","elec_net_generation","mil_kwh","nuclear",2003,763732.695,"usa"
"2760","elec_net_generation","mil_kwh","nuclear",2004,788528.387,"usa"
"2773","elec_net_generation","mil_kwh","nuclear",2005,781986.365,"usa"
"2786","elec_net_generation","mil_kwh","nuclear",2006,787218.636,"usa"
"2799","elec_net_generation","mil_kwh","nuclear",2007,806424.753,"usa"
"2812","elec_net_generation","mil_kwh","nuclear",2008,806208.435,"usa"
"2825","elec_net_generation","mil_kwh","nuclear",2009,798854.585,"usa"
"2838","elec_net_generation","mil_kwh","nuclear",2010,806968.301,"usa"
"2851","elec_net_generation","mil_kwh","nuclear",2011,790204.367,"usa"
"2864","elec_net_generation","mil_kwh","nuclear",2012,769331.249,"usa"
"2877","elec_net_generation","mil_kwh","nuclear",2013,789016.473,"usa"
"2890","elec_net_generation","mil_kwh","nuclear",2014,797165.982,"usa"
"2901","elec_net_generation","mil_kwh","hydro_pump",1949,0,"usa"
"2902","elec_net_generation","mil_kwh","hydro_pump",1950,0,"usa"
"2903","elec_net_generation","mil_kwh","hydro_pump",1951,0,"usa"
"2904","elec_net_generation","mil_kwh","hydro_pump",1952,0,"usa"
"2905","elec_net_generation","mil_kwh","hydro_pump",1953,0,"usa"
"2906","elec_net_generation","mil_kwh","hydro_pump",1954,0,"usa"
"2907","elec_net_generation","mil_kwh","hydro_pump",1955,0,"usa"
"2908","elec_net_generation","mil_kwh","hydro_pump",1956,0,"usa"
"2909","elec_net_generation","mil_kwh","hydro_pump",1957,0,"usa"
"2910","elec_net_generation","mil_kwh","hydro_pump",1958,0,"usa"
"2911","elec_net_generation","mil_kwh","hydro_pump",1959,0,"usa"
"2912","elec_net_generation","mil_kwh","hydro_pump",1960,0,"usa"
"2913","elec_net_generation","mil_kwh","hydro_pump",1961,0,"usa"
"2914","elec_net_generation","mil_kwh","hydro_pump",1962,0,"usa"
"2915","elec_net_generation","mil_kwh","hydro_pump",1963,0,"usa"
"2916","elec_net_generation","mil_kwh","hydro_pump",1964,0,"usa"
"2917","elec_net_generation","mil_kwh","hydro_pump",1965,0,"usa"
"2918","elec_net_generation","mil_kwh","hydro_pump",1966,0,"usa"
"2919","elec_net_generation","mil_kwh","hydro_pump",1967,0,"usa"
"2920","elec_net_generation","mil_kwh","hydro_pump",1968,0,"usa"
"2921","elec_net_generation","mil_kwh","hydro_pump",1969,0,"usa"
"2922","elec_net_generation","mil_kwh","hydro_pump",1970,0,"usa"
"2923","elec_net_generation","mil_kwh","hydro_pump",1971,0,"usa"
"2924","elec_net_generation","mil_kwh","hydro_pump",1972,0,"usa"
"2937","elec_net_generation","mil_kwh","hydro_pump",1973,0,"usa"
"2950","elec_net_generation","mil_kwh","hydro_pump",1974,0,"usa"
"2963","elec_net_generation","mil_kwh","hydro_pump",1975,0,"usa"
"2976","elec_net_generation","mil_kwh","hydro_pump",1976,0,"usa"
"2989","elec_net_generation","mil_kwh","hydro_pump",1977,0,"usa"
"3002","elec_net_generation","mil_kwh","hydro_pump",1978,0,"usa"
"3015","elec_net_generation","mil_kwh","hydro_pump",1979,0,"usa"
"3028","elec_net_generation","mil_kwh","hydro_pump",1980,0,"usa"
"3041","elec_net_generation","mil_kwh","hydro_pump",1981,0,"usa"
"3054","elec_net_generation","mil_kwh","hydro_pump",1982,0,"usa"
"3067","elec_net_generation","mil_kwh","hydro_pump",1983,0,"usa"
"3080","elec_net_generation","mil_kwh","hydro_pump",1984,0,"usa"
"3093","elec_net_generation","mil_kwh","hydro_pump",1985,0,"usa"
"3106","elec_net_generation","mil_kwh","hydro_pump",1986,0,"usa"
"3119","elec_net_generation","mil_kwh","hydro_pump",1987,0,"usa"
"3132","elec_net_generation","mil_kwh","hydro_pump",1988,0,"usa"
"3145","elec_net_generation","mil_kwh","hydro_pump",1989,0,"usa"
"3158","elec_net_generation","mil_kwh","hydro_pump",1990,-3507.741,"usa"
"3171","elec_net_generation","mil_kwh","hydro_pump",1991,-4541.435,"usa"
"3184","elec_net_generation","mil_kwh","hydro_pump",1992,-4176.582,"usa"
"3197","elec_net_generation","mil_kwh","hydro_pump",1993,-4035.572,"usa"
"3210","elec_net_generation","mil_kwh","hydro_pump",1994,-3377.825,"usa"
"3223","elec_net_generation","mil_kwh","hydro_pump",1995,-2725.131,"usa"
"3236","elec_net_generation","mil_kwh","hydro_pump",1996,-3088.078,"usa"
"3249","elec_net_generation","mil_kwh","hydro_pump",1997,-4039.905,"usa"
"3262","elec_net_generation","mil_kwh","hydro_pump",1998,-4467.28,"usa"
"3275","elec_net_generation","mil_kwh","hydro_pump",1999,-6096.899,"usa"
"3288","elec_net_generation","mil_kwh","hydro_pump",2000,-5538.86,"usa"
"3301","elec_net_generation","mil_kwh","hydro_pump",2001,-8823.445,"usa"
"3314","elec_net_generation","mil_kwh","hydro_pump",2002,-8742.928,"usa"
"3327","elec_net_generation","mil_kwh","hydro_pump",2003,-8535.065,"usa"
"3340","elec_net_generation","mil_kwh","hydro_pump",2004,-8488.21,"usa"
"3353","elec_net_generation","mil_kwh","hydro_pump",2005,-6557.788,"usa"
"3366","elec_net_generation","mil_kwh","hydro_pump",2006,-6557.842,"usa"
"3379","elec_net_generation","mil_kwh","hydro_pump",2007,-6896.352,"usa"
"3392","elec_net_generation","mil_kwh","hydro_pump",2008,-6288.062,"usa"
"3405","elec_net_generation","mil_kwh","hydro_pump",2009,-4627.345,"usa"
"3418","elec_net_generation","mil_kwh","hydro_pump",2010,-5501.132,"usa"
"3431","elec_net_generation","mil_kwh","hydro_pump",2011,-6420.516,"usa"
"3444","elec_net_generation","mil_kwh","hydro_pump",2012,-4950.496,"usa"
"3457","elec_net_generation","mil_kwh","hydro_pump",2013,-4681.033,"usa"
"3470","elec_net_generation","mil_kwh","hydro_pump",2014,-6173.548,"usa"
"3481","elec_net_generation","mil_kwh","hydro_conv",1949,94772.992,"usa"
"3482","elec_net_generation","mil_kwh","hydro_conv",1950,100884.575,"usa"
"3483","elec_net_generation","mil_kwh","hydro_conv",1951,104376.12,"usa"
"3484","elec_net_generation","mil_kwh","hydro_conv",1952,109708.251,"usa"
"3485","elec_net_generation","mil_kwh","hydro_conv",1953,109617.396,"usa"
"3486","elec_net_generation","mil_kwh","hydro_conv",1954,111639.772,"usa"
"3487","elec_net_generation","mil_kwh","hydro_conv",1955,116235.946,"usa"
"3488","elec_net_generation","mil_kwh","hydro_conv",1956,125236.621,"usa"
"3489","elec_net_generation","mil_kwh","hydro_conv",1957,133357.93,"usa"
"3490","elec_net_generation","mil_kwh","hydro_conv",1958,143614.545,"usa"
"3491","elec_net_generation","mil_kwh","hydro_conv",1959,141154.533,"usa"
"3492","elec_net_generation","mil_kwh","hydro_conv",1960,149440.035,"usa"
"3493","elec_net_generation","mil_kwh","hydro_conv",1961,155536.444,"usa"
"3494","elec_net_generation","mil_kwh","hydro_conv",1962,172015.646,"usa"
"3495","elec_net_generation","mil_kwh","hydro_conv",1963,168990.14,"usa"
"3496","elec_net_generation","mil_kwh","hydro_conv",1964,180301.506,"usa"
"3497","elec_net_generation","mil_kwh","hydro_conv",1965,196984.345,"usa"
"3498","elec_net_generation","mil_kwh","hydro_conv",1966,197937.538,"usa"
"3499","elec_net_generation","mil_kwh","hydro_conv",1967,224948.605,"usa"
"3500","elec_net_generation","mil_kwh","hydro_conv",1968,225873.158,"usa"
"3501","elec_net_generation","mil_kwh","hydro_conv",1969,253468.237,"usa"
"3502","elec_net_generation","mil_kwh","hydro_conv",1970,250957.442,"usa"
"3503","elec_net_generation","mil_kwh","hydro_conv",1971,269531.459,"usa"
"3504","elec_net_generation","mil_kwh","hydro_conv",1972,275928.828,"usa"
"3517","elec_net_generation","mil_kwh","hydro_conv",1973,275430.574,"usa"
"3530","elec_net_generation","mil_kwh","hydro_conv",1974,304211.805,"usa"
"3543","elec_net_generation","mil_kwh","hydro_conv",1975,303152.673,"usa"
"3556","elec_net_generation","mil_kwh","hydro_conv",1976,286924.238,"usa"
"3569","elec_net_generation","mil_kwh","hydro_conv",1977,223598.687,"usa"
"3582","elec_net_generation","mil_kwh","hydro_conv",1978,283465.224,"usa"
"3595","elec_net_generation","mil_kwh","hydro_conv",1979,283075.976,"usa"
"3608","elec_net_generation","mil_kwh","hydro_conv",1980,279182.09,"usa"
"3621","elec_net_generation","mil_kwh","hydro_conv",1981,263844.664,"usa"
"3634","elec_net_generation","mil_kwh","hydro_conv",1982,312374.013,"usa"
"3647","elec_net_generation","mil_kwh","hydro_conv",1983,335290.855,"usa"
"3660","elec_net_generation","mil_kwh","hydro_conv",1984,324311.365,"usa"
"3673","elec_net_generation","mil_kwh","hydro_conv",1985,284310.538,"usa"
"3686","elec_net_generation","mil_kwh","hydro_conv",1986,294005.219,"usa"
"3699","elec_net_generation","mil_kwh","hydro_conv",1987,252856.093,"usa"
"3712","elec_net_generation","mil_kwh","hydro_conv",1988,226100.803,"usa"
"3725","elec_net_generation","mil_kwh","hydro_conv",1989,271976.936,"usa"
"3738","elec_net_generation","mil_kwh","hydro_conv",1990,292865.846,"usa"
"3751","elec_net_generation","mil_kwh","hydro_conv",1991,288994.189,"usa"
"3764","elec_net_generation","mil_kwh","hydro_conv",1992,253088.003,"usa"
"3777","elec_net_generation","mil_kwh","hydro_conv",1993,280494.008,"usa"
"3790","elec_net_generation","mil_kwh","hydro_conv",1994,260125.733,"usa"
"3803","elec_net_generation","mil_kwh","hydro_conv",1995,310832.748,"usa"
"3816","elec_net_generation","mil_kwh","hydro_conv",1996,347162.063,"usa"
"3829","elec_net_generation","mil_kwh","hydro_conv",1997,356453.295,"usa"
"3842","elec_net_generation","mil_kwh","hydro_conv",1998,323335.661,"usa"
"3855","elec_net_generation","mil_kwh","hydro_conv",1999,319536.029,"usa"
"3868","elec_net_generation","mil_kwh","hydro_conv",2000,275572.597,"usa"
"3881","elec_net_generation","mil_kwh","hydro_conv",2001,216961.045,"usa"
"3894","elec_net_generation","mil_kwh","hydro_conv",2002,264328.831,"usa"
"3907","elec_net_generation","mil_kwh","hydro_conv",2003,275806.323,"usa"
"3920","elec_net_generation","mil_kwh","hydro_conv",2004,268417.308,"usa"
"3933","elec_net_generation","mil_kwh","hydro_conv",2005,270321.255,"usa"
"3946","elec_net_generation","mil_kwh","hydro_conv",2006,289246.416,"usa"
"3959","elec_net_generation","mil_kwh","hydro_conv",2007,247509.974,"usa"
"3972","elec_net_generation","mil_kwh","hydro_conv",2008,254831.385,"usa"
"3985","elec_net_generation","mil_kwh","hydro_conv",2009,273445.094,"usa"
"3998","elec_net_generation","mil_kwh","hydro_conv",2010,260203.069,"usa"
"4011","elec_net_generation","mil_kwh","hydro_conv",2011,319354.904,"usa"
"4024","elec_net_generation","mil_kwh","hydro_conv",2012,276240.223,"usa"
"4037","elec_net_generation","mil_kwh","hydro_conv",2013,268565.383,"usa"
"4050","elec_net_generation","mil_kwh","hydro_conv",2014,259366.622,"usa"
"4061","elec_net_generation","mil_kwh","wood",1949,386.036,"usa"
"4062","elec_net_generation","mil_kwh","wood",1950,389.585,"usa"
"4063","elec_net_generation","mil_kwh","wood",1951,390.784,"usa"
"4064","elec_net_generation","mil_kwh","wood",1952,481.647,"usa"
"4065","elec_net_generation","mil_kwh","wood",1953,389.418,"usa"
"4066","elec_net_generation","mil_kwh","wood",1954,263.434,"usa"
"4067","elec_net_generation","mil_kwh","wood",1955,276.469,"usa"
"4068","elec_net_generation","mil_kwh","wood",1956,151.678,"usa"
"4069","elec_net_generation","mil_kwh","wood",1957,176.678,"usa"
"4070","elec_net_generation","mil_kwh","wood",1958,175.003,"usa"
"4071","elec_net_generation","mil_kwh","wood",1959,152.877,"usa"
"4072","elec_net_generation","mil_kwh","wood",1960,140.166,"usa"
"4073","elec_net_generation","mil_kwh","wood",1961,125.734,"usa"
"4074","elec_net_generation","mil_kwh","wood",1962,127.796,"usa"
"4075","elec_net_generation","mil_kwh","wood",1963,127.94,"usa"
"4076","elec_net_generation","mil_kwh","wood",1964,148.076,"usa"
"4077","elec_net_generation","mil_kwh","wood",1965,268.804,"usa"
"4078","elec_net_generation","mil_kwh","wood",1966,333.926,"usa"
"4079","elec_net_generation","mil_kwh","wood",1967,315.688,"usa"
"4080","elec_net_generation","mil_kwh","wood",1968,375.062,"usa"
"4081","elec_net_generation","mil_kwh","wood",1969,319.933,"usa"
"4082","elec_net_generation","mil_kwh","wood",1970,136,"usa"
"4083","elec_net_generation","mil_kwh","wood",1971,111.33,"usa"
"4084","elec_net_generation","mil_kwh","wood",1972,130.859,"usa"
"4097","elec_net_generation","mil_kwh","wood",1973,130.403,"usa"
"4110","elec_net_generation","mil_kwh","wood",1974,68.523,"usa"
"4123","elec_net_generation","mil_kwh","wood",1975,17.551,"usa"
"4136","elec_net_generation","mil_kwh","wood",1976,84.386,"usa"
"4149","elec_net_generation","mil_kwh","wood",1977,307.634,"usa"
"4162","elec_net_generation","mil_kwh","wood",1978,197.193,"usa"
"4175","elec_net_generation","mil_kwh","wood",1979,299.859,"usa"
"4188","elec_net_generation","mil_kwh","wood",1980,275.366,"usa"
"4201","elec_net_generation","mil_kwh","wood",1981,245.201,"usa"
"4214","elec_net_generation","mil_kwh","wood",1982,195.94,"usa"
"4227","elec_net_generation","mil_kwh","wood",1983,215.867,"usa"
"4240","elec_net_generation","mil_kwh","wood",1984,461.411,"usa"
"4253","elec_net_generation","mil_kwh","wood",1985,743.294,"usa"
"4266","elec_net_generation","mil_kwh","wood",1986,491.509,"usa"
"4279","elec_net_generation","mil_kwh","wood",1987,783.088,"usa"
"4292","elec_net_generation","mil_kwh","wood",1988,935.986,"usa"
"4305","elec_net_generation","mil_kwh","wood",1989,27236.668,"usa"
"4318","elec_net_generation","mil_kwh","wood",1990,32521.889,"usa"
"4331","elec_net_generation","mil_kwh","wood",1991,33725.358,"usa"
"4344","elec_net_generation","mil_kwh","wood",1992,36528.662,"usa"
"4357","elec_net_generation","mil_kwh","wood",1993,37623.407,"usa"
"4370","elec_net_generation","mil_kwh","wood",1994,37937.364,"usa"
"4383","elec_net_generation","mil_kwh","wood",1995,36521.082,"usa"
"4396","elec_net_generation","mil_kwh","wood",1996,36800.31,"usa"
"4409","elec_net_generation","mil_kwh","wood",1997,36948.441,"usa"
"4422","elec_net_generation","mil_kwh","wood",1998,36338.384,"usa"
"4435","elec_net_generation","mil_kwh","wood",1999,37040.734,"usa"
"4448","elec_net_generation","mil_kwh","wood",2000,37594.866,"usa"
"4461","elec_net_generation","mil_kwh","wood",2001,35199.905,"usa"
"4474","elec_net_generation","mil_kwh","wood",2002,38665.037,"usa"
"4487","elec_net_generation","mil_kwh","wood",2003,37529.096,"usa"
"4500","elec_net_generation","mil_kwh","wood",2004,38116.883,"usa"
"4513","elec_net_generation","mil_kwh","wood",2005,38856.417,"usa"
"4526","elec_net_generation","mil_kwh","wood",2006,38762.096,"usa"
"4539","elec_net_generation","mil_kwh","wood",2007,39014.024,"usa"
"4552","elec_net_generation","mil_kwh","wood",2008,37299.853,"usa"
"4565","elec_net_generation","mil_kwh","wood",2009,36050.138,"usa"
"4578","elec_net_generation","mil_kwh","wood",2010,37172.16,"usa"
"4591","elec_net_generation","mil_kwh","wood",2011,37449.067,"usa"
"4604","elec_net_generation","mil_kwh","wood",2012,37799.129,"usa"
"4617","elec_net_generation","mil_kwh","wood",2013,40027.537,"usa"
"4630","elec_net_generation","mil_kwh","wood",2014,42339.725,"usa"
"4641","elec_net_generation","mil_kwh","waste",1949,0,"usa"
"4642","elec_net_generation","mil_kwh","waste",1950,0,"usa"
"4643","elec_net_generation","mil_kwh","waste",1951,0,"usa"
"4644","elec_net_generation","mil_kwh","waste",1952,0,"usa"
"4645","elec_net_generation","mil_kwh","waste",1953,0,"usa"
"4646","elec_net_generation","mil_kwh","waste",1954,0,"usa"
"4647","elec_net_generation","mil_kwh","waste",1955,0,"usa"
"4648","elec_net_generation","mil_kwh","waste",1956,0,"usa"
"4649","elec_net_generation","mil_kwh","waste",1957,0,"usa"
"4650","elec_net_generation","mil_kwh","waste",1958,0,"usa"
"4651","elec_net_generation","mil_kwh","waste",1959,0,"usa"
"4652","elec_net_generation","mil_kwh","waste",1960,0,"usa"
"4653","elec_net_generation","mil_kwh","waste",1961,0,"usa"
"4654","elec_net_generation","mil_kwh","waste",1962,0,"usa"
"4655","elec_net_generation","mil_kwh","waste",1963,0,"usa"
"4656","elec_net_generation","mil_kwh","waste",1964,0,"usa"
"4657","elec_net_generation","mil_kwh","waste",1965,0,"usa"
"4658","elec_net_generation","mil_kwh","waste",1966,0,"usa"
"4659","elec_net_generation","mil_kwh","waste",1967,0,"usa"
"4660","elec_net_generation","mil_kwh","waste",1968,0,"usa"
"4661","elec_net_generation","mil_kwh","waste",1969,0,"usa"
"4662","elec_net_generation","mil_kwh","waste",1970,220.45,"usa"
"4663","elec_net_generation","mil_kwh","waste",1971,199.869,"usa"
"4664","elec_net_generation","mil_kwh","waste",1972,199.774,"usa"
"4677","elec_net_generation","mil_kwh","waste",1973,197.89,"usa"
"4690","elec_net_generation","mil_kwh","waste",1974,182.154,"usa"
"4703","elec_net_generation","mil_kwh","waste",1975,173.568,"usa"
"4716","elec_net_generation","mil_kwh","waste",1976,182.078,"usa"
"4729","elec_net_generation","mil_kwh","waste",1977,173.271,"usa"
"4742","elec_net_generation","mil_kwh","waste",1978,140.434,"usa"
"4755","elec_net_generation","mil_kwh","waste",1979,198.192,"usa"
"4768","elec_net_generation","mil_kwh","waste",1980,157.797,"usa"
"4781","elec_net_generation","mil_kwh","waste",1981,122.628,"usa"
"4794","elec_net_generation","mil_kwh","waste",1982,124.979,"usa"
"4807","elec_net_generation","mil_kwh","waste",1983,162.745,"usa"
"4820","elec_net_generation","mil_kwh","waste",1984,424.54,"usa"
"4833","elec_net_generation","mil_kwh","waste",1985,639.578,"usa"
"4846","elec_net_generation","mil_kwh","waste",1986,685.234,"usa"
"4859","elec_net_generation","mil_kwh","waste",1987,693.941,"usa"
"4872","elec_net_generation","mil_kwh","waste",1988,738.258,"usa"
"4885","elec_net_generation","mil_kwh","waste",1989,9162.887,"usa"
"4898","elec_net_generation","mil_kwh","waste",1990,13260.379,"usa"
"4911","elec_net_generation","mil_kwh","waste",1991,15664.746,"usa"
"4924","elec_net_generation","mil_kwh","waste",1992,17816.035,"usa"
"4937","elec_net_generation","mil_kwh","waste",1993,18333.031,"usa"
"4950","elec_net_generation","mil_kwh","waste",1994,19128.595,"usa"
"4963","elec_net_generation","mil_kwh","waste",1995,20404.971,"usa"
"4976","elec_net_generation","mil_kwh","waste",1996,20911.336,"usa"
"4989","elec_net_generation","mil_kwh","waste",1997,21709.073,"usa"
"5002","elec_net_generation","mil_kwh","waste",1998,22447.935,"usa"
"5015","elec_net_generation","mil_kwh","waste",1999,22572.175,"usa"
"5028","elec_net_generation","mil_kwh","waste",2000,23131.314,"usa"
"5041","elec_net_generation","mil_kwh","waste",2001,14548.152,"usa"
"5054","elec_net_generation","mil_kwh","waste",2002,15043.712,"usa"
"5067","elec_net_generation","mil_kwh","waste",2003,15811.992,"usa"
"5080","elec_net_generation","mil_kwh","waste",2004,15420.57,"usa"
"5093","elec_net_generation","mil_kwh","waste",2005,15420.393,"usa"
"5106","elec_net_generation","mil_kwh","waste",2006,16098.525,"usa"
"5119","elec_net_generation","mil_kwh","waste",2007,16524.554,"usa"
"5132","elec_net_generation","mil_kwh","waste",2008,17733.759,"usa"
"5145","elec_net_generation","mil_kwh","waste",2009,18442.596,"usa"
"5158","elec_net_generation","mil_kwh","waste",2010,18917.207,"usa"
"5171","elec_net_generation","mil_kwh","waste",2011,19221.763,"usa"
"5184","elec_net_generation","mil_kwh","waste",2012,19823.037,"usa"
"5197","elec_net_generation","mil_kwh","waste",2013,20830.49,"usa"
"5210","elec_net_generation","mil_kwh","waste",2014,21649.719,"usa"
"5221","elec_net_generation","mil_kwh","geothermal",1949,0,"usa"
"5222","elec_net_generation","mil_kwh","geothermal",1950,0,"usa"
"5223","elec_net_generation","mil_kwh","geothermal",1951,0,"usa"
"5224","elec_net_generation","mil_kwh","geothermal",1952,0,"usa"
"5225","elec_net_generation","mil_kwh","geothermal",1953,0,"usa"
"5226","elec_net_generation","mil_kwh","geothermal",1954,0,"usa"
"5227","elec_net_generation","mil_kwh","geothermal",1955,0,"usa"
"5228","elec_net_generation","mil_kwh","geothermal",1956,0,"usa"
"5229","elec_net_generation","mil_kwh","geothermal",1957,0,"usa"
"5230","elec_net_generation","mil_kwh","geothermal",1958,0,"usa"
"5231","elec_net_generation","mil_kwh","geothermal",1959,0,"usa"
"5232","elec_net_generation","mil_kwh","geothermal",1960,33.368,"usa"
"5233","elec_net_generation","mil_kwh","geothermal",1961,94.021,"usa"
"5234","elec_net_generation","mil_kwh","geothermal",1962,100.462,"usa"
"5235","elec_net_generation","mil_kwh","geothermal",1963,167.953,"usa"
"5236","elec_net_generation","mil_kwh","geothermal",1964,203.791,"usa"
"5237","elec_net_generation","mil_kwh","geothermal",1965,189.214,"usa"
"5238","elec_net_generation","mil_kwh","geothermal",1966,187.988,"usa"
"5239","elec_net_generation","mil_kwh","geothermal",1967,316.309,"usa"
"5240","elec_net_generation","mil_kwh","geothermal",1968,435.826,"usa"
"5241","elec_net_generation","mil_kwh","geothermal",1969,614.71,"usa"
"5242","elec_net_generation","mil_kwh","geothermal",1970,525.183,"usa"
"5243","elec_net_generation","mil_kwh","geothermal",1971,547.752,"usa"
"5244","elec_net_generation","mil_kwh","geothermal",1972,1452.795,"usa"
"5257","elec_net_generation","mil_kwh","geothermal",1973,1965.713,"usa"
"5270","elec_net_generation","mil_kwh","geothermal",1974,2452.636,"usa"
"5283","elec_net_generation","mil_kwh","geothermal",1975,3246.172,"usa"
"5296","elec_net_generation","mil_kwh","geothermal",1976,3616.407,"usa"
"5309","elec_net_generation","mil_kwh","geothermal",1977,3582.335,"usa"
"5322","elec_net_generation","mil_kwh","geothermal",1978,2977.63,"usa"
"5335","elec_net_generation","mil_kwh","geothermal",1979,3888.968,"usa"
"5348","elec_net_generation","mil_kwh","geothermal",1980,5073.079,"usa"
"5361","elec_net_generation","mil_kwh","geothermal",1981,5686.163,"usa"
"5374","elec_net_generation","mil_kwh","geothermal",1982,4842.865,"usa"
"5387","elec_net_generation","mil_kwh","geothermal",1983,6075.101,"usa"
"5400","elec_net_generation","mil_kwh","geothermal",1984,7740.504,"usa"
"5413","elec_net_generation","mil_kwh","geothermal",1985,9325.23,"usa"
"5426","elec_net_generation","mil_kwh","geothermal",1986,10307.954,"usa"
"5439","elec_net_generation","mil_kwh","geothermal",1987,10775.461,"usa"
"5452","elec_net_generation","mil_kwh","geothermal",1988,10300.079,"usa"
"5465","elec_net_generation","mil_kwh","geothermal",1989,14593.443,"usa"
"5478","elec_net_generation","mil_kwh","geothermal",1990,15434.271,"usa"
"5491","elec_net_generation","mil_kwh","geothermal",1991,15966.444,"usa"
"5504","elec_net_generation","mil_kwh","geothermal",1992,16137.962,"usa"
"5517","elec_net_generation","mil_kwh","geothermal",1993,16788.565,"usa"
"5530","elec_net_generation","mil_kwh","geothermal",1994,15535.453,"usa"
"5543","elec_net_generation","mil_kwh","geothermal",1995,13378.258,"usa"
"5556","elec_net_generation","mil_kwh","geothermal",1996,14328.684,"usa"
"5569","elec_net_generation","mil_kwh","geothermal",1997,14726.102,"usa"
"5582","elec_net_generation","mil_kwh","geothermal",1998,14773.918,"usa"
"5595","elec_net_generation","mil_kwh","geothermal",1999,14827.013,"usa"
"5608","elec_net_generation","mil_kwh","geothermal",2000,14093.158,"usa"
"5621","elec_net_generation","mil_kwh","geothermal",2001,13740.501,"usa"
"5634","elec_net_generation","mil_kwh","geothermal",2002,14491.31,"usa"
"5647","elec_net_generation","mil_kwh","geothermal",2003,14424.231,"usa"
"5660","elec_net_generation","mil_kwh","geothermal",2004,14810.975,"usa"
"5673","elec_net_generation","mil_kwh","geothermal",2005,14691.745,"usa"
"5686","elec_net_generation","mil_kwh","geothermal",2006,14568.029,"usa"
"5699","elec_net_generation","mil_kwh","geothermal",2007,14637.213,"usa"
"5712","elec_net_generation","mil_kwh","geothermal",2008,14839.977,"usa"
"5725","elec_net_generation","mil_kwh","geothermal",2009,15008.658,"usa"
"5738","elec_net_generation","mil_kwh","geothermal",2010,15219.213,"usa"
"5751","elec_net_generation","mil_kwh","geothermal",2011,15316.068,"usa"
"5764","elec_net_generation","mil_kwh","geothermal",2012,15562.426,"usa"
"5777","elec_net_generation","mil_kwh","geothermal",2013,15774.674,"usa"
"5790","elec_net_generation","mil_kwh","geothermal",2014,15876.941,"usa"
"5801","elec_net_generation","mil_kwh","solar_pv",1949,0,"usa"
"5802","elec_net_generation","mil_kwh","solar_pv",1950,0,"usa"
"5803","elec_net_generation","mil_kwh","solar_pv",1951,0,"usa"
"5804","elec_net_generation","mil_kwh","solar_pv",1952,0,"usa"
"5805","elec_net_generation","mil_kwh","solar_pv",1953,0,"usa"
"5806","elec_net_generation","mil_kwh","solar_pv",1954,0,"usa"
"5807","elec_net_generation","mil_kwh","solar_pv",1955,0,"usa"
"5808","elec_net_generation","mil_kwh","solar_pv",1956,0,"usa"
"5809","elec_net_generation","mil_kwh","solar_pv",1957,0,"usa"
"5810","elec_net_generation","mil_kwh","solar_pv",1958,0,"usa"
"5811","elec_net_generation","mil_kwh","solar_pv",1959,0,"usa"
"5812","elec_net_generation","mil_kwh","solar_pv",1960,0,"usa"
"5813","elec_net_generation","mil_kwh","solar_pv",1961,0,"usa"
"5814","elec_net_generation","mil_kwh","solar_pv",1962,0,"usa"
"5815","elec_net_generation","mil_kwh","solar_pv",1963,0,"usa"
"5816","elec_net_generation","mil_kwh","solar_pv",1964,0,"usa"
"5817","elec_net_generation","mil_kwh","solar_pv",1965,0,"usa"
"5818","elec_net_generation","mil_kwh","solar_pv",1966,0,"usa"
"5819","elec_net_generation","mil_kwh","solar_pv",1967,0,"usa"
"5820","elec_net_generation","mil_kwh","solar_pv",1968,0,"usa"
"5821","elec_net_generation","mil_kwh","solar_pv",1969,0,"usa"
"5822","elec_net_generation","mil_kwh","solar_pv",1970,0,"usa"
"5823","elec_net_generation","mil_kwh","solar_pv",1971,0,"usa"
"5824","elec_net_generation","mil_kwh","solar_pv",1972,0,"usa"
"5837","elec_net_generation","mil_kwh","solar_pv",1973,0,"usa"
"5850","elec_net_generation","mil_kwh","solar_pv",1974,0,"usa"
"5863","elec_net_generation","mil_kwh","solar_pv",1975,0,"usa"
"5876","elec_net_generation","mil_kwh","solar_pv",1976,0,"usa"
"5889","elec_net_generation","mil_kwh","solar_pv",1977,0,"usa"
"5902","elec_net_generation","mil_kwh","solar_pv",1978,0,"usa"
"5915","elec_net_generation","mil_kwh","solar_pv",1979,0,"usa"
"5928","elec_net_generation","mil_kwh","solar_pv",1980,0,"usa"
"5941","elec_net_generation","mil_kwh","solar_pv",1981,0,"usa"
"5954","elec_net_generation","mil_kwh","solar_pv",1982,0,"usa"
"5967","elec_net_generation","mil_kwh","solar_pv",1983,0,"usa"
"5980","elec_net_generation","mil_kwh","solar_pv",1984,5.248,"usa"
"5993","elec_net_generation","mil_kwh","solar_pv",1985,10.63,"usa"
"6006","elec_net_generation","mil_kwh","solar_pv",1986,14.032,"usa"
"6019","elec_net_generation","mil_kwh","solar_pv",1987,10.497,"usa"
"6032","elec_net_generation","mil_kwh","solar_pv",1988,9.094,"usa"
"6045","elec_net_generation","mil_kwh","solar_pv",1989,250.601,"usa"
"6058","elec_net_generation","mil_kwh","solar_pv",1990,367.087,"usa"
"6071","elec_net_generation","mil_kwh","solar_pv",1991,471.765,"usa"
"6084","elec_net_generation","mil_kwh","solar_pv",1992,399.64,"usa"
"6097","elec_net_generation","mil_kwh","solar_pv",1993,462.452,"usa"
"6110","elec_net_generation","mil_kwh","solar_pv",1994,486.622,"usa"
"6123","elec_net_generation","mil_kwh","solar_pv",1995,496.821,"usa"
"6136","elec_net_generation","mil_kwh","solar_pv",1996,521.205,"usa"
"6149","elec_net_generation","mil_kwh","solar_pv",1997,511.168,"usa"
"6162","elec_net_generation","mil_kwh","solar_pv",1998,502.473,"usa"
"6175","elec_net_generation","mil_kwh","solar_pv",1999,495.082,"usa"
"6188","elec_net_generation","mil_kwh","solar_pv",2000,493.375,"usa"
"6201","elec_net_generation","mil_kwh","solar_pv",2001,542.755,"usa"
"6214","elec_net_generation","mil_kwh","solar_pv",2002,554.831,"usa"
"6227","elec_net_generation","mil_kwh","solar_pv",2003,534.001,"usa"
"6240","elec_net_generation","mil_kwh","solar_pv",2004,575.155,"usa"
"6253","elec_net_generation","mil_kwh","solar_pv",2005,550.294,"usa"
"6266","elec_net_generation","mil_kwh","solar_pv",2006,507.706,"usa"
"6279","elec_net_generation","mil_kwh","solar_pv",2007,611.793,"usa"
"6292","elec_net_generation","mil_kwh","solar_pv",2008,864.315,"usa"
"6305","elec_net_generation","mil_kwh","solar_pv",2009,891.179,"usa"
"6318","elec_net_generation","mil_kwh","solar_pv",2010,1212.182,"usa"
"6331","elec_net_generation","mil_kwh","solar_pv",2011,1817.696,"usa"
"6344","elec_net_generation","mil_kwh","solar_pv",2012,4326.675,"usa"
"6357","elec_net_generation","mil_kwh","solar_pv",2013,9035.62,"usa"
"6370","elec_net_generation","mil_kwh","solar_pv",2014,17691.031,"usa"
"6381","elec_net_generation","mil_kwh","wind",1949,0,"usa"
"6382","elec_net_generation","mil_kwh","wind",1950,0,"usa"
"6383","elec_net_generation","mil_kwh","wind",1951,0,"usa"
"6384","elec_net_generation","mil_kwh","wind",1952,0,"usa"
"6385","elec_net_generation","mil_kwh","wind",1953,0,"usa"
"6386","elec_net_generation","mil_kwh","wind",1954,0,"usa"
"6387","elec_net_generation","mil_kwh","wind",1955,0,"usa"
"6388","elec_net_generation","mil_kwh","wind",1956,0,"usa"
"6389","elec_net_generation","mil_kwh","wind",1957,0,"usa"
"6390","elec_net_generation","mil_kwh","wind",1958,0,"usa"
"6391","elec_net_generation","mil_kwh","wind",1959,0,"usa"
"6392","elec_net_generation","mil_kwh","wind",1960,0,"usa"
"6393","elec_net_generation","mil_kwh","wind",1961,0,"usa"
"6394","elec_net_generation","mil_kwh","wind",1962,0,"usa"
"6395","elec_net_generation","mil_kwh","wind",1963,0,"usa"
"6396","elec_net_generation","mil_kwh","wind",1964,0,"usa"
"6397","elec_net_generation","mil_kwh","wind",1965,0,"usa"
"6398","elec_net_generation","mil_kwh","wind",1966,0,"usa"
"6399","elec_net_generation","mil_kwh","wind",1967,0,"usa"
"6400","elec_net_generation","mil_kwh","wind",1968,0,"usa"
"6401","elec_net_generation","mil_kwh","wind",1969,0,"usa"
"6402","elec_net_generation","mil_kwh","wind",1970,0,"usa"
"6403","elec_net_generation","mil_kwh","wind",1971,0,"usa"
"6404","elec_net_generation","mil_kwh","wind",1972,0,"usa"
"6417","elec_net_generation","mil_kwh","wind",1973,0,"usa"
"6430","elec_net_generation","mil_kwh","wind",1974,0,"usa"
"6443","elec_net_generation","mil_kwh","wind",1975,0,"usa"
"6456","elec_net_generation","mil_kwh","wind",1976,0,"usa"
"6469","elec_net_generation","mil_kwh","wind",1977,0,"usa"
"6482","elec_net_generation","mil_kwh","wind",1978,0,"usa"
"6495","elec_net_generation","mil_kwh","wind",1979,0,"usa"
"6508","elec_net_generation","mil_kwh","wind",1980,0,"usa"
"6521","elec_net_generation","mil_kwh","wind",1981,0,"usa"
"6534","elec_net_generation","mil_kwh","wind",1982,0,"usa"
"6547","elec_net_generation","mil_kwh","wind",1983,2.668,"usa"
"6560","elec_net_generation","mil_kwh","wind",1984,6.49,"usa"
"6573","elec_net_generation","mil_kwh","wind",1985,5.762,"usa"
"6586","elec_net_generation","mil_kwh","wind",1986,4.189,"usa"
"6599","elec_net_generation","mil_kwh","wind",1987,3.541,"usa"
"6612","elec_net_generation","mil_kwh","wind",1988,0.871,"usa"
"6625","elec_net_generation","mil_kwh","wind",1989,2112.043,"usa"
"6638","elec_net_generation","mil_kwh","wind",1990,2788.6,"usa"
"6651","elec_net_generation","mil_kwh","wind",1991,2950.951,"usa"
"6664","elec_net_generation","mil_kwh","wind",1992,2887.523,"usa"
"6677","elec_net_generation","mil_kwh","wind",1993,3005.827,"usa"
"6690","elec_net_generation","mil_kwh","wind",1994,3447.109,"usa"
"6703","elec_net_generation","mil_kwh","wind",1995,3164.253,"usa"
"6716","elec_net_generation","mil_kwh","wind",1996,3234.069,"usa"
"6729","elec_net_generation","mil_kwh","wind",1997,3288.035,"usa"
"6742","elec_net_generation","mil_kwh","wind",1998,3025.696,"usa"
"6755","elec_net_generation","mil_kwh","wind",1999,4487.998,"usa"
"6768","elec_net_generation","mil_kwh","wind",2000,5593.261,"usa"
"6781","elec_net_generation","mil_kwh","wind",2001,6737.331,"usa"
"6794","elec_net_generation","mil_kwh","wind",2002,10354.28,"usa"
"6807","elec_net_generation","mil_kwh","wind",2003,11187.466,"usa"
"6820","elec_net_generation","mil_kwh","wind",2004,14143.741,"usa"
"6833","elec_net_generation","mil_kwh","wind",2005,17810.549,"usa"
"6846","elec_net_generation","mil_kwh","wind",2006,26589.137,"usa"
"6859","elec_net_generation","mil_kwh","wind",2007,34449.927,"usa"
"6872","elec_net_generation","mil_kwh","wind",2008,55363.1,"usa"
"6885","elec_net_generation","mil_kwh","wind",2009,73886.132,"usa"
"6898","elec_net_generation","mil_kwh","wind",2010,94652.246,"usa"
"6911","elec_net_generation","mil_kwh","wind",2011,120176.599,"usa"
"6924","elec_net_generation","mil_kwh","wind",2012,140821.703,"usa"
"6937","elec_net_generation","mil_kwh","wind",2013,167839.745,"usa"
"6950","elec_net_generation","mil_kwh","wind",2014,181655.282,"usa"
"6961","elec_net_generation","mil_kwh","total",1949,296124.289,"usa"
"6962","elec_net_generation","mil_kwh","total",1950,334087.601,"usa"
"6963","elec_net_generation","mil_kwh","total",1951,375298.355,"usa"
"6964","elec_net_generation","mil_kwh","total",1952,403829.413,"usa"
"6965","elec_net_generation","mil_kwh","total",1953,447048.563,"usa"
"6966","elec_net_generation","mil_kwh","total",1954,476257.618,"usa"
"6967","elec_net_generation","mil_kwh","total",1955,550298.862,"usa"
"6968","elec_net_generation","mil_kwh","total",1956,603875.763,"usa"
"6969","elec_net_generation","mil_kwh","total",1957,634642.367,"usa"
"6970","elec_net_generation","mil_kwh","total",1958,648450.862,"usa"
"6971","elec_net_generation","mil_kwh","total",1959,713378.831,"usa"
"6972","elec_net_generation","mil_kwh","total",1960,759155.788,"usa"
"6973","elec_net_generation","mil_kwh","total",1961,797124.391,"usa"
"6974","elec_net_generation","mil_kwh","total",1962,857943.656,"usa"
"6975","elec_net_generation","mil_kwh","total",1963,920028.271,"usa"
"6976","elec_net_generation","mil_kwh","total",1964,987218.326,"usa"
"6977","elec_net_generation","mil_kwh","total",1965,1058385.671,"usa"
"6978","elec_net_generation","mil_kwh","total",1966,1147531.895,"usa"
"6979","elec_net_generation","mil_kwh","total",1967,1217795.688,"usa"
"6980","elec_net_generation","mil_kwh","total",1968,1332825.601,"usa"
"6981","elec_net_generation","mil_kwh","total",1969,1445458.056,"usa"
"6982","elec_net_generation","mil_kwh","total",1970,1535111.467,"usa"
"6983","elec_net_generation","mil_kwh","total",1971,1615853.616,"usa"
"6984","elec_net_generation","mil_kwh","total",1972,1752978.413,"usa"
"6997","elec_net_generation","mil_kwh","total",1973,1864056.632,"usa"
"7010","elec_net_generation","mil_kwh","total",1974,1870319.404,"usa"
"7023","elec_net_generation","mil_kwh","total",1975,1920754.569,"usa"
"7036","elec_net_generation","mil_kwh","total",1976,2040913.681,"usa"
"7049","elec_net_generation","mil_kwh","total",1977,2127447.488,"usa"
"7062","elec_net_generation","mil_kwh","total",1978,2209376.911,"usa"
"7075","elec_net_generation","mil_kwh","total",1979,2250665.025,"usa"
"7088","elec_net_generation","mil_kwh","total",1980,2289600.364,"usa"
"7101","elec_net_generation","mil_kwh","total",1981,2297973.338,"usa"
"7114","elec_net_generation","mil_kwh","total",1982,2244372.487,"usa"
"7127","elec_net_generation","mil_kwh","total",1983,2313445.686,"usa"
"7140","elec_net_generation","mil_kwh","total",1984,2419465.367,"usa"
"7153","elec_net_generation","mil_kwh","total",1985,2473002.12,"usa"
"7166","elec_net_generation","mil_kwh","total",1986,2490470.952,"usa"
"7179","elec_net_generation","mil_kwh","total",1987,2575287.667,"usa"
"7192","elec_net_generation","mil_kwh","total",1988,2707411.178,"usa"
"7205","elec_net_generation","mil_kwh","total",1989,2967146.087,"usa"
"7218","elec_net_generation","mil_kwh","total",1990,3037827.337,"usa"
"7231","elec_net_generation","mil_kwh","total",1991,3073798.885,"usa"
"7244","elec_net_generation","mil_kwh","total",1992,3083882.204,"usa"
"7257","elec_net_generation","mil_kwh","total",1993,3197191.096,"usa"
"7270","elec_net_generation","mil_kwh","total",1994,3247522.388,"usa"
"7283","elec_net_generation","mil_kwh","total",1995,3353487.362,"usa"
"7296","elec_net_generation","mil_kwh","total",1996,3444187.621,"usa"
"7309","elec_net_generation","mil_kwh","total",1997,3492172.283,"usa"
"7322","elec_net_generation","mil_kwh","total",1998,3620295.498,"usa"
"7335","elec_net_generation","mil_kwh","total",1999,3694809.81,"usa"
"7348","elec_net_generation","mil_kwh","total",2000,3802105.043,"usa"
"7361","elec_net_generation","mil_kwh","total",2001,3736643.649,"usa"
"7374","elec_net_generation","mil_kwh","total",2002,3858452.246,"usa"
"7387","elec_net_generation","mil_kwh","total",2003,3883185.204,"usa"
"7400","elec_net_generation","mil_kwh","total",2004,3970555.264,"usa"
"7413","elec_net_generation","mil_kwh","total",2005,4055422.75,"usa"
"7426","elec_net_generation","mil_kwh","total",2006,4064702.228,"usa"
"7439","elec_net_generation","mil_kwh","total",2007,4156744.724,"usa"
"7452","elec_net_generation","mil_kwh","total",2008,4119387.76,"usa"
"7465","elec_net_generation","mil_kwh","total",2009,3950330.927,"usa"
"7478","elec_net_generation","mil_kwh","total",2010,4125059.9,"usa"
"7491","elec_net_generation","mil_kwh","total",2011,4100140.927,"usa"
"7504","elec_net_generation","mil_kwh","total",2012,4047765.26,"usa"
"7517","elec_net_generation","mil_kwh","total",2013,4065964.068,"usa"
"7530","elec_net_generation","mil_kwh","total",2014,4093606.006,"usa"
"111","fossil_steam_operation","mils_kwh","coal",2003,2.34787148911787,"usa"
"121","fossil_steam_operation","mils_kwh","coal",2004,2.75580758933423,"usa"
"1310","fossil_steam_operation","mils_kwh","coal",2005,2.91719583880815,"usa"
"142","fossil_steam_operation","mils_kwh","coal",2006,3.34402920342617,"usa"
"151","fossil_steam_operation","mils_kwh","coal",2007,3.49071151243319,"usa"
"161","fossil_steam_operation","mils_kwh","coal",2008,3.6474162476166,"usa"
"1710","fossil_steam_operation","mils_kwh","coal",2009,4.17897471868486,"usa"
"181","fossil_steam_operation","mils_kwh","coal",2010,4.04,"usa"
"191","fossil_steam_operation","mils_kwh","coal",2011,4.1030045148734,"usa"
"201","fossil_steam_operation","mils_kwh","coal",2012,4.55278371089003,"usa"
"51","fossil_steam_maintenance","mils_kwh","coal",2003,2.33073374102212,"usa"
"52","fossil_steam_maintenance","mils_kwh","coal",2004,2.60613113879531,"usa"
"53","fossil_steam_maintenance","mils_kwh","coal",2005,2.70817557621442,"usa"
"54","fossil_steam_maintenance","mils_kwh","coal",2006,2.98808211734719,"usa"
"55","fossil_steam_maintenance","mils_kwh","coal",2007,3.24068809831952,"usa"
"56","fossil_steam_maintenance","mils_kwh","coal",2008,3.51995277659774,"usa"
"57","fossil_steam_maintenance","mils_kwh","coal",2009,3.91223165153476,"usa"
"58","fossil_steam_maintenance","mils_kwh","coal",2010,3.99,"usa"
"59","fossil_steam_maintenance","mils_kwh","coal",2011,4.07238507819524,"usa"
"60","fossil_steam_maintenance","mils_kwh","coal",2012,4.656728544472,"usa"
"91","fossil_steam_fuel","mils_kwh","coal",2003,14.8155832287766,"usa"
"92","fossil_steam_fuel","mils_kwh","coal",2004,16.0329892018455,"usa"
"93","fossil_steam_fuel","mils_kwh","coal",2005,19.7115195463392,"usa"
"94","fossil_steam_fuel","mils_kwh","coal",2006,21.6284689935883,"usa"
"95","fossil_steam_fuel","mils_kwh","coal",2007,22.963688957825,"usa"
"96","fossil_steam_fuel","mils_kwh","coal",2008,27.875280623586,"usa"
"97","fossil_steam_fuel","mils_kwh","coal",2009,31.9103743294376,"usa"
"98","fossil_steam_fuel","mils_kwh","coal",2010,27.73,"usa"
"99","fossil_steam_fuel","mils_kwh","coal",2011,27.6391448414855,"usa"
"100","fossil_steam_fuel","mils_kwh","coal",2012,29.4579658371287,"usa"
"131","fossil_steam_total","mils_kwh","coal",2003,19.4941884589166,"usa"
"132","fossil_steam_total","mils_kwh","coal",2004,21.4037324270655,"usa"
"133","fossil_steam_total","mils_kwh","coal",2005,25.3368909613618,"usa"
"134","fossil_steam_total","mils_kwh","coal",2006,27.9605803143616,"usa"
"135","fossil_steam_total","mils_kwh","coal",2007,29.6950885685777,"usa"
"136","fossil_steam_total","mils_kwh","coal",2008,35.0524545301864,"usa"
"137","fossil_steam_total","mils_kwh","coal",2009,39.9917013267998,"usa"
"138","fossil_steam_total","mils_kwh","coal",2010,35.76,"usa"
"139","fossil_steam_total","mils_kwh","coal",2011,35.8145344345541,"usa"
"140","fossil_steam_total","mils_kwh","coal",2012,38.6674780924907,"usa"
"171","fossil_steam_operation","mils_kwh","petroleum",2003,2.34787148911787,"usa"
"172","fossil_steam_operation","mils_kwh","petroleum",2004,2.75580758933423,"usa"
"173","fossil_steam_operation","mils_kwh","petroleum",2005,2.91719583880815,"usa"
"174","fossil_steam_operation","mils_kwh","petroleum",2006,3.34402920342617,"usa"
"175","fossil_steam_operation","mils_kwh","petroleum",2007,3.49071151243319,"usa"
"176","fossil_steam_operation","mils_kwh","petroleum",2008,3.6474162476166,"usa"
"177","fossil_steam_operation","mils_kwh","petroleum",2009,4.17897471868486,"usa"
"178","fossil_steam_operation","mils_kwh","petroleum",2010,4.04,"usa"
"179","fossil_steam_operation","mils_kwh","petroleum",2011,4.1030045148734,"usa"
"1801","fossil_steam_operation","mils_kwh","petroleum",2012,4.55278371089003,"usa"
"211","fossil_steam_maintenance","mils_kwh","petroleum",2003,2.33073374102212,"usa"
"212","fossil_steam_maintenance","mils_kwh","petroleum",2004,2.60613113879531,"usa"
"213","fossil_steam_maintenance","mils_kwh","petroleum",2005,2.70817557621442,"usa"
"214","fossil_steam_maintenance","mils_kwh","petroleum",2006,2.98808211734719,"usa"
"215","fossil_steam_maintenance","mils_kwh","petroleum",2007,3.24068809831952,"usa"
"216","fossil_steam_maintenance","mils_kwh","petroleum",2008,3.51995277659774,"usa"
"217","fossil_steam_maintenance","mils_kwh","petroleum",2009,3.91223165153476,"usa"
"218","fossil_steam_maintenance","mils_kwh","petroleum",2010,3.99,"usa"
"2191","fossil_steam_maintenance","mils_kwh","petroleum",2011,4.07238507819524,"usa"
"220","fossil_steam_maintenance","mils_kwh","petroleum",2012,4.656728544472,"usa"
"251","fossil_steam_fuel","mils_kwh","petroleum",2003,14.8155832287766,"usa"
"252","fossil_steam_fuel","mils_kwh","petroleum",2004,16.0329892018455,"usa"
"253","fossil_steam_fuel","mils_kwh","petroleum",2005,19.7115195463392,"usa"
"254","fossil_steam_fuel","mils_kwh","petroleum",2006,21.6284689935883,"usa"
"255","fossil_steam_fuel","mils_kwh","petroleum",2007,22.963688957825,"usa"
"256","fossil_steam_fuel","mils_kwh","petroleum",2008,27.875280623586,"usa"
"257","fossil_steam_fuel","mils_kwh","petroleum",2009,31.9103743294376,"usa"
"2581","fossil_steam_fuel","mils_kwh","petroleum",2010,27.73,"usa"
"259","fossil_steam_fuel","mils_kwh","petroleum",2011,27.6391448414855,"usa"
"260","fossil_steam_fuel","mils_kwh","petroleum",2012,29.4579658371287,"usa"
"291","fossil_steam_total","mils_kwh","petroleum",2003,19.4941884589166,"usa"
"292","fossil_steam_total","mils_kwh","petroleum",2004,21.4037324270655,"usa"
"293","fossil_steam_total","mils_kwh","petroleum",2005,25.3368909613618,"usa"
"294","fossil_steam_total","mils_kwh","petroleum",2006,27.9605803143616,"usa"
"295","fossil_steam_total","mils_kwh","petroleum",2007,29.6950885685777,"usa"
"296","fossil_steam_total","mils_kwh","petroleum",2008,35.0524545301864,"usa"
"2971","fossil_steam_total","mils_kwh","petroleum",2009,39.9917013267998,"usa"
"298","fossil_steam_total","mils_kwh","petroleum",2010,35.76,"usa"
"299","fossil_steam_total","mils_kwh","petroleum",2011,35.8145344345541,"usa"
"300","fossil_steam_total","mils_kwh","petroleum",2012,38.6674780924907,"usa"
"331","fossil_steam_operation","mils_kwh","natural_gas",2003,2.34787148911787,"usa"
"332","fossil_steam_operation","mils_kwh","natural_gas",2004,2.75580758933423,"usa"
"333","fossil_steam_operation","mils_kwh","natural_gas",2005,2.91719583880815,"usa"
"334","fossil_steam_operation","mils_kwh","natural_gas",2006,3.34402920342617,"usa"
"335","fossil_steam_operation","mils_kwh","natural_gas",2007,3.49071151243319,"usa"
"3361","fossil_steam_operation","mils_kwh","natural_gas",2008,3.6474162476166,"usa"
"337","fossil_steam_operation","mils_kwh","natural_gas",2009,4.17897471868486,"usa"
"338","fossil_steam_operation","mils_kwh","natural_gas",2010,4.04,"usa"
"339","fossil_steam_operation","mils_kwh","natural_gas",2011,4.1030045148734,"usa"
"340","fossil_steam_operation","mils_kwh","natural_gas",2012,4.55278371089003,"usa"
"371","fossil_steam_maintenance","mils_kwh","natural_gas",2003,2.33073374102212,"usa"
"372","fossil_steam_maintenance","mils_kwh","natural_gas",2004,2.60613113879531,"usa"
"373","fossil_steam_maintenance","mils_kwh","natural_gas",2005,2.70817557621442,"usa"
"374","fossil_steam_maintenance","mils_kwh","natural_gas",2006,2.98808211734719,"usa"
"3752","fossil_steam_maintenance","mils_kwh","natural_gas",2007,3.24068809831952,"usa"
"376","fossil_steam_maintenance","mils_kwh","natural_gas",2008,3.51995277659774,"usa"
"377","fossil_steam_maintenance","mils_kwh","natural_gas",2009,3.91223165153476,"usa"
"378","fossil_steam_maintenance","mils_kwh","natural_gas",2010,3.99,"usa"
"379","fossil_steam_maintenance","mils_kwh","natural_gas",2011,4.07238507819524,"usa"
"380","fossil_steam_maintenance","mils_kwh","natural_gas",2012,4.656728544472,"usa"
"411","fossil_steam_fuel","mils_kwh","natural_gas",2003,14.8155832287766,"usa"
"412","fossil_steam_fuel","mils_kwh","natural_gas",2004,16.0329892018455,"usa"
"413","fossil_steam_fuel","mils_kwh","natural_gas",2005,19.7115195463392,"usa"
"4141","fossil_steam_fuel","mils_kwh","natural_gas",2006,21.6284689935883,"usa"
"415","fossil_steam_fuel","mils_kwh","natural_gas",2007,22.963688957825,"usa"
"416","fossil_steam_fuel","mils_kwh","natural_gas",2008,27.875280623586,"usa"
"417","fossil_steam_fuel","mils_kwh","natural_gas",2009,31.9103743294376,"usa"
"418","fossil_steam_fuel","mils_kwh","natural_gas",2010,27.73,"usa"
"419","fossil_steam_fuel","mils_kwh","natural_gas",2011,27.6391448414855,"usa"
"420","fossil_steam_fuel","mils_kwh","natural_gas",2012,29.4579658371287,"usa"
"451","fossil_steam_total","mils_kwh","natural_gas",2003,19.4941884589166,"usa"
"452","fossil_steam_total","mils_kwh","natural_gas",2004,21.4037324270655,"usa"
"4531","fossil_steam_total","mils_kwh","natural_gas",2005,25.3368909613618,"usa"
"454","fossil_steam_total","mils_kwh","natural_gas",2006,27.9605803143616,"usa"
"455","fossil_steam_total","mils_kwh","natural_gas",2007,29.6950885685777,"usa"
"456","fossil_steam_total","mils_kwh","natural_gas",2008,35.0524545301864,"usa"
"457","fossil_steam_total","mils_kwh","natural_gas",2009,39.9917013267998,"usa"
"458","fossil_steam_total","mils_kwh","natural_gas",2010,35.76,"usa"
"459","fossil_steam_total","mils_kwh","natural_gas",2011,35.8145344345541,"usa"
"460","fossil_steam_total","mils_kwh","natural_gas",2012,38.6674780924907,"usa"
"511","gas_turbine_other_small_operation","mils_kwh","other_gas",2003,2.9991059167564,"usa"
"512","gas_turbine_other_small_operation","mils_kwh","other_gas",2004,3.75952025765404,"usa"
"513","gas_turbine_other_small_operation","mils_kwh","other_gas",2005,3.35341203900376,"usa"
"514","gas_turbine_other_small_operation","mils_kwh","other_gas",2006,3.28782703194001,"usa"
"515","gas_turbine_other_small_operation","mils_kwh","other_gas",2007,3.13490896157912,"usa"
"516","gas_turbine_other_small_operation","mils_kwh","other_gas",2008,3.69644065954693,"usa"
"517","gas_turbine_other_small_operation","mils_kwh","other_gas",2009,3.01320872151036,"usa"
"5181","gas_turbine_other_small_operation","mils_kwh","other_gas",2010,2.79,"usa"
"519","gas_turbine_other_small_operation","mils_kwh","other_gas",2011,2.86802056885429,"usa"
"520","gas_turbine_other_small_operation","mils_kwh","other_gas",2012,2.55704290611632,"usa"
"551","gas_turbine_other_small_maintenance","mils_kwh","other_gas",2003,1.93656553481985,"usa"
"552","gas_turbine_other_small_maintenance","mils_kwh","other_gas",2004,1.88416237737228,"usa"
"553","gas_turbine_other_small_maintenance","mils_kwh","other_gas",2005,1.71760128827022,"usa"
"554","gas_turbine_other_small_maintenance","mils_kwh","other_gas",2006,2.02327817350155,"usa"
"555","gas_turbine_other_small_maintenance","mils_kwh","other_gas",2007,2.32714100828879,"usa"
"556","gas_turbine_other_small_maintenance","mils_kwh","other_gas",2008,2.66692800900999,"usa"
"5571","gas_turbine_other_small_maintenance","mils_kwh","other_gas",2009,2.54887819721204,"usa"
"558","gas_turbine_other_small_maintenance","mils_kwh","other_gas",2010,2.73,"usa"
"559","gas_turbine_other_small_maintenance","mils_kwh","other_gas",2011,2.99049831556693,"usa"
"560","gas_turbine_other_small_maintenance","mils_kwh","other_gas",2012,2.86887740686221,"usa"
"5911","gas_turbine_other_small_fuel","mils_kwh","other_gas",2003,37.6087881961253,"usa"
"5921","gas_turbine_other_small_fuel","mils_kwh","other_gas",2004,39.7787178549906,"usa"
"5931","gas_turbine_other_small_fuel","mils_kwh","other_gas",2005,50.4556738226257,"usa"
"5942","gas_turbine_other_small_fuel","mils_kwh","other_gas",2006,50.4789170231474,"usa"
"5951","gas_turbine_other_small_fuel","mils_kwh","other_gas",2007,56.4956753045317,"usa"
"5961","gas_turbine_other_small_fuel","mils_kwh","other_gas",2008,62.9767595657028,"usa"
"5971","gas_turbine_other_small_fuel","mils_kwh","other_gas",2009,51.3035832485354,"usa"
"5981","gas_turbine_other_small_fuel","mils_kwh","other_gas",2010,43.21,"usa"
"5991","gas_turbine_other_small_fuel","mils_kwh","other_gas",2011,39.6011381037532,"usa"
"6001","gas_turbine_other_small_fuel","mils_kwh","other_gas",2012,31.6512018257081,"usa"
"631","gas_turbine_other_small_total","mils_kwh","other_gas",2003,42.5530285217494,"usa"
"632","gas_turbine_other_small_total","mils_kwh","other_gas",2004,45.4224004900169,"usa"
"633","gas_turbine_other_small_total","mils_kwh","other_gas",2005,55.5266871498997,"usa"
"634","gas_turbine_other_small_total","mils_kwh","other_gas",2006,55.7900222285889,"usa"
"635","gas_turbine_other_small_total","mils_kwh","other_gas",2007,61.9577252743996,"usa"
"636","gas_turbine_other_small_total","mils_kwh","other_gas",2008,69.3401282342597,"usa"
"637","gas_turbine_other_small_total","mils_kwh","other_gas",2009,56.8557907944004,"usa"
"638","gas_turbine_other_small_total","mils_kwh","other_gas",2010,48.74,"usa"
"639","gas_turbine_other_small_total","mils_kwh","other_gas",2011,45.4596569881744,"usa"
"640","gas_turbine_other_small_total","mils_kwh","other_gas",2012,37.0771221386866,"usa"
"641","nuclear_operation","mils_kwh","nuclear",2003,7.8148131316624,"usa"
"642","nuclear_operation","mils_kwh","nuclear",2004,7.89763389020065,"usa"
"6431","nuclear_operation","mils_kwh","nuclear",2005,7.50655377836615,"usa"
"644","nuclear_operation","mils_kwh","nuclear",2006,8.45842680866618,"usa"
"645","nuclear_operation","mils_kwh","nuclear",2007,9.17393604094012,"usa"
"646","nuclear_operation","mils_kwh","nuclear",2008,9.6970286798194,"usa"
"647","nuclear_operation","mils_kwh","nuclear",2009,9.87937285741101,"usa"
"648","nuclear_operation","mils_kwh","nuclear",2010,10.5,"usa"
"649","nuclear_operation","mils_kwh","nuclear",2011,11.114855514172,"usa"
"650","nuclear_operation","mils_kwh","nuclear",2012,12.9827097143873,"usa"
"681","nuclear_maintenance","mils_kwh","nuclear",2003,4.48152112703886,"usa"
"6821","nuclear_maintenance","mils_kwh","nuclear",2004,4.73681943470228,"usa"
"683","nuclear_maintenance","mils_kwh","nuclear",2005,4.78929036464765,"usa"
"684","nuclear_maintenance","mils_kwh","nuclear",2006,5.32983926260361,"usa"
"685","nuclear_maintenance","mils_kwh","nuclear",2007,5.56782910660831,"usa"
"686","nuclear_maintenance","mils_kwh","nuclear",2008,6.079027079361,"usa"
"687","nuclear_maintenance","mils_kwh","nuclear",2009,6.26352239159858,"usa"
"688","nuclear_maintenance","mils_kwh","nuclear",2010,6.8,"usa"
"689","nuclear_maintenance","mils_kwh","nuclear",2011,6.94040564704953,"usa"
"690","nuclear_maintenance","mils_kwh","nuclear",2012,7.60876181819978,"usa"
"7211","nuclear_fuel","mils_kwh","nuclear",2003,3.9416820620227,"usa"
"722","nuclear_fuel","mils_kwh","nuclear",2004,4.03245966746031,"usa"
"723","nuclear_fuel","mils_kwh","nuclear",2005,4.20766876438684,"usa"
"724","nuclear_fuel","mils_kwh","nuclear",2006,4.54300886179745,"usa"
"725","nuclear_fuel","mils_kwh","nuclear",2007,4.79852629395086,"usa"
"726","nuclear_fuel","mils_kwh","nuclear",2008,5.18678278222898,"usa"
"727","nuclear_fuel","mils_kwh","nuclear",2009,5.28546447871489,"usa"
"728","nuclear_fuel","mils_kwh","nuclear",2010,6.68,"usa"
"729","nuclear_fuel","mils_kwh","nuclear",2011,7.15474170379664,"usa"
"730","nuclear_fuel","mils_kwh","nuclear",2012,7.91020183558748,"usa"
"761","nuclear_total","mils_kwh","nuclear",2003,16.238016320724,"usa"
"762","nuclear_total","mils_kwh","nuclear",2004,16.6669129923632,"usa"
"763","nuclear_total","mils_kwh","nuclear",2005,16.4944250698966,"usa"
"764","nuclear_total","mils_kwh","nuclear",2006,18.3312749330672,"usa"
"765","nuclear_total","mils_kwh","nuclear",2007,19.5402914414993,"usa"
"766","nuclear_total","mils_kwh","nuclear",2008,20.9530336590233,"usa"
"767","nuclear_total","mils_kwh","nuclear",2009,21.4283597277245,"usa"
"768","nuclear_total","mils_kwh","nuclear",2010,23.98,"usa"
"769","nuclear_total","mils_kwh","nuclear",2011,25.2100028650181,"usa"
"770","nuclear_total","mils_kwh","nuclear",2012,28.5016733681746,"usa"
"821","hydroelectric_operation","mils_kwh","hydro_conv",2003,2.97339929461278,"usa"
"822","hydroelectric_operation","mils_kwh","hydro_conv",2004,3.37212238567096,"usa"
"823","hydroelectric_operation","mils_kwh","hydro_conv",2005,3.58969581410972,"usa"
"824","hydroelectric_operation","mils_kwh","hydro_conv",2006,3.52200274646565,"usa"
"8251","hydroelectric_operation","mils_kwh","hydro_conv",2007,5.23125912607068,"usa"
"826","hydroelectric_operation","mils_kwh","hydro_conv",2008,5.66722201914622,"usa"
"827","hydroelectric_operation","mils_kwh","hydro_conv",2009,4.82113395441657,"usa"
"828","hydroelectric_operation","mils_kwh","hydro_conv",2010,5.33,"usa"
"829","hydroelectric_operation","mils_kwh","hydro_conv",2011,5.2359236719653,"usa"
"830","hydroelectric_operation","mils_kwh","hydro_conv",2012,6.9746983333498,"usa"
"861","hydroelectric_maintenance","mils_kwh","hydro_conv",2003,1.9879787791071,"usa"
"862","hydroelectric_maintenance","mils_kwh","hydro_conv",2004,2.43004119698482,"usa"
"863","hydroelectric_maintenance","mils_kwh","hydro_conv",2005,2.48097963861254,"usa"
"8641","hydroelectric_maintenance","mils_kwh","hydro_conv",2006,2.52909771687693,"usa"
"865","hydroelectric_maintenance","mils_kwh","hydro_conv",2007,3.72150235623043,"usa"
"866","hydroelectric_maintenance","mils_kwh","hydro_conv",2008,3.81409924817973,"usa"
"867","hydroelectric_maintenance","mils_kwh","hydro_conv",2009,3.45778050009385,"usa"
"868","hydroelectric_maintenance","mils_kwh","hydro_conv",2010,3.81,"usa"
"869","hydroelectric_maintenance","mils_kwh","hydro_conv",2011,3.81722310587724,"usa"
"870","hydroelectric_maintenance","mils_kwh","hydro_conv",2012,4.81264579484494,"usa"
"901","hydroelectric_fuel","mils_kwh","hydro_conv",2003,0,"usa"
"902","hydroelectric_fuel","mils_kwh","hydro_conv",2004,0,"usa"
"9031","hydroelectric_fuel","mils_kwh","hydro_conv",2005,0,"usa"
"904","hydroelectric_fuel","mils_kwh","hydro_conv",2006,0,"usa"
"905","hydroelectric_fuel","mils_kwh","hydro_conv",2007,0,"usa"
"906","hydroelectric_fuel","mils_kwh","hydro_conv",2008,0,"usa"
"907","hydroelectric_fuel","mils_kwh","hydro_conv",2009,0,"usa"
"908","hydroelectric_fuel","mils_kwh","hydro_conv",2010,0,"usa"
"909","hydroelectric_fuel","mils_kwh","hydro_conv",2011,0,"usa"
"910","hydroelectric_fuel","mils_kwh","hydro_conv",2012,0,"usa"
"941","hydroelectric_total","mils_kwh","hydro_conv",2003,4.96137807371988,"usa"
"9421","hydroelectric_total","mils_kwh","hydro_conv",2004,5.8109680797463,"usa"
"943","hydroelectric_total","mils_kwh","hydro_conv",2005,6.07067545272226,"usa"
"944","hydroelectric_total","mils_kwh","hydro_conv",2006,6.05110046334259,"usa"
"945","hydroelectric_total","mils_kwh","hydro_conv",2007,8.96237776745932,"usa"
"946","hydroelectric_total","mils_kwh","hydro_conv",2008,9.48132126732595,"usa"
"947","hydroelectric_total","mils_kwh","hydro_conv",2009,8.27891445451043,"usa"
"948","hydroelectric_total","mils_kwh","hydro_conv",2010,9.15,"usa"
"949","hydroelectric_total","mils_kwh","hydro_conv",2011,9.06335325673526,"usa"
"950","hydroelectric_total","mils_kwh","hydro_conv",2012,11.7873441281947,"usa"
"9811","hydroelectric_operation","mils_kwh","hydro_pump",2003,2.97339929461278,"usa"
"982","hydroelectric_operation","mils_kwh","hydro_pump",2004,3.37212238567096,"usa"
"983","hydroelectric_operation","mils_kwh","hydro_pump",2005,3.58969581410972,"usa"
"984","hydroelectric_operation","mils_kwh","hydro_pump",2006,3.52200274646565,"usa"
"985","hydroelectric_operation","mils_kwh","hydro_pump",2007,5.23125912607068,"usa"
"986","hydroelectric_operation","mils_kwh","hydro_pump",2008,5.66722201914622,"usa"
"987","hydroelectric_operation","mils_kwh","hydro_pump",2009,4.82113395441657,"usa"
"988","hydroelectric_operation","mils_kwh","hydro_pump",2010,5.33,"usa"
"989","hydroelectric_operation","mils_kwh","hydro_pump",2011,5.2359236719653,"usa"
"990","hydroelectric_operation","mils_kwh","hydro_pump",2012,6.9746983333498,"usa"
"1021","hydroelectric_maintenance","mils_kwh","hydro_pump",2003,1.9879787791071,"usa"
"1022","hydroelectric_maintenance","mils_kwh","hydro_pump",2004,2.43004119698482,"usa"
"1023","hydroelectric_maintenance","mils_kwh","hydro_pump",2005,2.48097963861254,"usa"
"1024","hydroelectric_maintenance","mils_kwh","hydro_pump",2006,2.52909771687693,"usa"
"1025","hydroelectric_maintenance","mils_kwh","hydro_pump",2007,3.72150235623043,"usa"
"1026","hydroelectric_maintenance","mils_kwh","hydro_pump",2008,3.81409924817973,"usa"
"1027","hydroelectric_maintenance","mils_kwh","hydro_pump",2009,3.45778050009385,"usa"
"1028","hydroelectric_maintenance","mils_kwh","hydro_pump",2010,3.81,"usa"
"1029","hydroelectric_maintenance","mils_kwh","hydro_pump",2011,3.81722310587724,"usa"
"1030","hydroelectric_maintenance","mils_kwh","hydro_pump",2012,4.81264579484494,"usa"
"1061","hydroelectric_fuel","mils_kwh","hydro_pump",2003,0,"usa"
"1062","hydroelectric_fuel","mils_kwh","hydro_pump",2004,0,"usa"
"1063","hydroelectric_fuel","mils_kwh","hydro_pump",2005,0,"usa"
"1064","hydroelectric_fuel","mils_kwh","hydro_pump",2006,0,"usa"
"1065","hydroelectric_fuel","mils_kwh","hydro_pump",2007,0,"usa"
"1066","hydroelectric_fuel","mils_kwh","hydro_pump",2008,0,"usa"
"1067","hydroelectric_fuel","mils_kwh","hydro_pump",2009,0,"usa"
"1068","hydroelectric_fuel","mils_kwh","hydro_pump",2010,0,"usa"
"1069","hydroelectric_fuel","mils_kwh","hydro_pump",2011,0,"usa"
"1070","hydroelectric_fuel","mils_kwh","hydro_pump",2012,0,"usa"
"1101","hydroelectric_total","mils_kwh","hydro_pump",2003,4.96137807371988,"usa"
"1102","hydroelectric_total","mils_kwh","hydro_pump",2004,5.8109680797463,"usa"
"1103","hydroelectric_total","mils_kwh","hydro_pump",2005,6.07067545272226,"usa"
"1104","hydroelectric_total","mils_kwh","hydro_pump",2006,6.05110046334259,"usa"
"1105","hydroelectric_total","mils_kwh","hydro_pump",2007,8.96237776745932,"usa"
"1106","hydroelectric_total","mils_kwh","hydro_pump",2008,9.48132126732595,"usa"
"1107","hydroelectric_total","mils_kwh","hydro_pump",2009,8.27891445451043,"usa"
"1108","hydroelectric_total","mils_kwh","hydro_pump",2010,9.15,"usa"
"1109","hydroelectric_total","mils_kwh","hydro_pump",2011,9.06335325673526,"usa"
"1110","hydroelectric_total","mils_kwh","hydro_pump",2012,11.7873441281947,"usa"
"1151","gas_turbine_other_small_operation","mils_kwh","solar_pv",2003,2.9991059167564,"usa"
"1152","gas_turbine_other_small_operation","mils_kwh","solar_pv",2004,3.75952025765404,"usa"
"1153","gas_turbine_other_small_operation","mils_kwh","solar_pv",2005,3.35341203900376,"usa"
"1154","gas_turbine_other_small_operation","mils_kwh","solar_pv",2006,3.28782703194001,"usa"
"1155","gas_turbine_other_small_operation","mils_kwh","solar_pv",2007,3.13490896157912,"usa"
"1156","gas_turbine_other_small_operation","mils_kwh","solar_pv",2008,3.69644065954693,"usa"
"1157","gas_turbine_other_small_operation","mils_kwh","solar_pv",2009,3.01320872151036,"usa"
"1158","gas_turbine_other_small_operation","mils_kwh","solar_pv",2010,2.79,"usa"
"1159","gas_turbine_other_small_operation","mils_kwh","solar_pv",2011,2.86802056885429,"usa"
"1160","gas_turbine_other_small_operation","mils_kwh","solar_pv",2012,2.55704290611632,"usa"
"1191","gas_turbine_other_small_maintenance","mils_kwh","solar_pv",2003,1.93656553481985,"usa"
"1192","gas_turbine_other_small_maintenance","mils_kwh","solar_pv",2004,1.88416237737228,"usa"
"1193","gas_turbine_other_small_maintenance","mils_kwh","solar_pv",2005,1.71760128827022,"usa"
"1194","gas_turbine_other_small_maintenance","mils_kwh","solar_pv",2006,2.02327817350155,"usa"
"1195","gas_turbine_other_small_maintenance","mils_kwh","solar_pv",2007,2.32714100828879,"usa"
"1196","gas_turbine_other_small_maintenance","mils_kwh","solar_pv",2008,2.66692800900999,"usa"
"11971","gas_turbine_other_small_maintenance","mils_kwh","solar_pv",2009,2.54887819721204,"usa"
"1198","gas_turbine_other_small_maintenance","mils_kwh","solar_pv",2010,2.73,"usa"
"1199","gas_turbine_other_small_maintenance","mils_kwh","solar_pv",2011,2.99049831556693,"usa"
"1200","gas_turbine_other_small_maintenance","mils_kwh","solar_pv",2012,2.86887740686221,"usa"
"1231","gas_turbine_other_small_fuel","mils_kwh","solar_pv",2003,37.6087881961253,"usa"
"1232","gas_turbine_other_small_fuel","mils_kwh","solar_pv",2004,39.7787178549906,"usa"
"1233","gas_turbine_other_small_fuel","mils_kwh","solar_pv",2005,50.4556738226257,"usa"
"1234","gas_turbine_other_small_fuel","mils_kwh","solar_pv",2006,50.4789170231474,"usa"
"1235","gas_turbine_other_small_fuel","mils_kwh","solar_pv",2007,56.4956753045317,"usa"
"12361","gas_turbine_other_small_fuel","mils_kwh","solar_pv",2008,62.9767595657028,"usa"
"1237","gas_turbine_other_small_fuel","mils_kwh","solar_pv",2009,51.3035832485354,"usa"
"1238","gas_turbine_other_small_fuel","mils_kwh","solar_pv",2010,43.21,"usa"
"1239","gas_turbine_other_small_fuel","mils_kwh","solar_pv",2011,39.6011381037532,"usa"
"1240","gas_turbine_other_small_fuel","mils_kwh","solar_pv",2012,31.6512018257081,"usa"
"1271","gas_turbine_other_small_total","mils_kwh","solar_pv",2003,42.5530285217494,"usa"
"1272","gas_turbine_other_small_total","mils_kwh","solar_pv",2004,45.4224004900169,"usa"
"1273","gas_turbine_other_small_total","mils_kwh","solar_pv",2005,55.5266871498997,"usa"
"1274","gas_turbine_other_small_total","mils_kwh","solar_pv",2006,55.7900222285889,"usa"
"12751","gas_turbine_other_small_total","mils_kwh","solar_pv",2007,61.9577252743996,"usa"
"1276","gas_turbine_other_small_total","mils_kwh","solar_pv",2008,69.3401282342597,"usa"
"1277","gas_turbine_other_small_total","mils_kwh","solar_pv",2009,56.8557907944004,"usa"
"1278","gas_turbine_other_small_total","mils_kwh","solar_pv",2010,48.74,"usa"
"1279","gas_turbine_other_small_total","mils_kwh","solar_pv",2011,45.4596569881744,"usa"
"1280","gas_turbine_other_small_total","mils_kwh","solar_pv",2012,37.0771221386866,"usa"
"1311","gas_turbine_other_small_operation","mils_kwh","wind",2003,2.9991059167564,"usa"
"1312","gas_turbine_other_small_operation","mils_kwh","wind",2004,3.75952025765404,"usa"
"1313","gas_turbine_other_small_operation","mils_kwh","wind",2005,3.35341203900376,"usa"
"13141","gas_turbine_other_small_operation","mils_kwh","wind",2006,3.28782703194001,"usa"
"1315","gas_turbine_other_small_operation","mils_kwh","wind",2007,3.13490896157912,"usa"
"1316","gas_turbine_other_small_operation","mils_kwh","wind",2008,3.69644065954693,"usa"
"1317","gas_turbine_other_small_operation","mils_kwh","wind",2009,3.01320872151036,"usa"
"1318","gas_turbine_other_small_operation","mils_kwh","wind",2010,2.79,"usa"
"1319","gas_turbine_other_small_operation","mils_kwh","wind",2011,2.86802056885429,"usa"
"1320","gas_turbine_other_small_operation","mils_kwh","wind",2012,2.55704290611632,"usa"
"1351","gas_turbine_other_small_maintenance","mils_kwh","wind",2003,1.93656553481985,"usa"
"1352","gas_turbine_other_small_maintenance","mils_kwh","wind",2004,1.88416237737228,"usa"
"13531","gas_turbine_other_small_maintenance","mils_kwh","wind",2005,1.71760128827022,"usa"
"1354","gas_turbine_other_small_maintenance","mils_kwh","wind",2006,2.02327817350155,"usa"
"1355","gas_turbine_other_small_maintenance","mils_kwh","wind",2007,2.32714100828879,"usa"
"1356","gas_turbine_other_small_maintenance","mils_kwh","wind",2008,2.66692800900999,"usa"
"1357","gas_turbine_other_small_maintenance","mils_kwh","wind",2009,2.54887819721204,"usa"
"1358","gas_turbine_other_small_maintenance","mils_kwh","wind",2010,2.73,"usa"
"1359","gas_turbine_other_small_maintenance","mils_kwh","wind",2011,2.99049831556693,"usa"
"1360","gas_turbine_other_small_maintenance","mils_kwh","wind",2012,2.86887740686221,"usa"
"1391","gas_turbine_other_small_fuel","mils_kwh","wind",2003,37.6087881961253,"usa"
"13921","gas_turbine_other_small_fuel","mils_kwh","wind",2004,39.7787178549906,"usa"
"1393","gas_turbine_other_small_fuel","mils_kwh","wind",2005,50.4556738226257,"usa"
"1394","gas_turbine_other_small_fuel","mils_kwh","wind",2006,50.4789170231474,"usa"
"1395","gas_turbine_other_small_fuel","mils_kwh","wind",2007,56.4956753045317,"usa"
"1396","gas_turbine_other_small_fuel","mils_kwh","wind",2008,62.9767595657028,"usa"
"1397","gas_turbine_other_small_fuel","mils_kwh","wind",2009,51.3035832485354,"usa"
"1398","gas_turbine_other_small_fuel","mils_kwh","wind",2010,43.21,"usa"
"1399","gas_turbine_other_small_fuel","mils_kwh","wind",2011,39.6011381037532,"usa"
"1400","gas_turbine_other_small_fuel","mils_kwh","wind",2012,31.6512018257081,"usa"
"14311","gas_turbine_other_small_total","mils_kwh","wind",2003,42.5530285217494,"usa"
"1432","gas_turbine_other_small_total","mils_kwh","wind",2004,45.4224004900169,"usa"
"1433","gas_turbine_other_small_total","mils_kwh","wind",2005,55.5266871498997,"usa"
"1434","gas_turbine_other_small_total","mils_kwh","wind",2006,55.7900222285889,"usa"
"1435","gas_turbine_other_small_total","mils_kwh","wind",2007,61.9577252743996,"usa"
"1436","gas_turbine_other_small_total","mils_kwh","wind",2008,69.3401282342597,"usa"
"1437","gas_turbine_other_small_total","mils_kwh","wind",2009,56.8557907944004,"usa"
"1438","gas_turbine_other_small_total","mils_kwh","wind",2010,48.74,"usa"
"1439","gas_turbine_other_small_total","mils_kwh","wind",2011,45.4596569881744,"usa"
"1440","gas_turbine_other_small_total","mils_kwh","wind",2012,37.0771221386866,"usa"
