year,state_code,producer_type,fuel_source,generators,facilities,nameplate_capacity_(megawatts),summer_capacity_(megawatts),summer_capacity_change
1990,US,"Electric Generators, Electric Utilities",All Sources,,3552.0,735051.4,690465.4,
1991,US,"Electric Generators, Electric Utilities",All Sources,,3547.0,739956.6,693016.0,2550.5999999999767
1992,US,"Electric Generators, Electric Utilities",All Sources,,3545.0,741650.7,695059.5,2043.5
1993,US,"Electric Generators, Electric Utilities",All Sources,,3633.0,744690.1,699971.2,4911.699999999953
1994,US,"Electric Generators, Electric Utilities",All Sources,,3632.0,745954.4,702228.7,2257.5
1995,US,"Electric Generators, Electric Utilities",All Sources,,3633.0,750541.7,706111.0,3882.3000000000466
1996,US,"Electric Generators, Electric Utilities",All Sources,,3644.0,756483.6,709941.6,3830.5999999999767
1997,US,"Electric Generators, Electric Utilities",All Sources,,3649.0,754924.7,711889.4,1947.8000000000466
1998,US,"Electric Generators, Electric Utilities",All Sources,,3570.0,728259.3,686691.7,-25197.70000000007
1999,US,"Electric Generators, Electric Utilities",All Sources,,3339.0,677810.8,639323.5,-47368.19999999995
2000,US,"Electric Generators, Electric Utilities",All Sources,,3238.0,639429.0,604319.0,-35004.5
2001,US,"Electric Generators, Electric Utilities",All Sources,,2877.0,584574.0,549920.0,-54399.0
2002,US,"Electric Generators, Electric Utilities",All Sources,,2908.0,596674.0,561074.0,11154.0
2003,US,"Electric Generators, Electric Utilities",All Sources,,2920.0,583633.0,547249.0,-13825.0
2004,US,"Electric Generators, Electric Utilities",All Sources,,2921.0,589556.0,550550.0,3301.0
2005,US,"Electric Generators, Electric Utilities",All Sources,,2951.0,596650.0,556235.0,5685.0
2006,US,"Electric Generators, Electric Utilities",All Sources,,2993.0,610057.0,567523.0,11288.0
2007,US,"Electric Generators, Electric Utilities",All Sources,,2992.0,616525.0,571200.0,3677.0
2008,US,"Electric Generators, Electric Utilities",All Sources,,3036.0,632923.0,584908.0,13708.0
2009,US,"Electric Generators, Electric Utilities",All Sources,,3063.0,646984.0,596769.0,11861.0
2010,US,"Electric Generators, Electric Utilities",All Sources,,3092.0,654959.0,602151.0,5382.0
2011,US,"Electric Generators, Electric Utilities",All Sources,"9,571",2727.0,666102.6,611104.7,8953.699999999953
2012,US,"Electric Generators, Electric Utilities",All Sources,"9,624",2769.0,680592.0,621784.9,10680.20000000007
2013,US,"Electric Generators, Electric Utilities",All Sources,"9,463",2757.0,674828.2,616799.4,-4985.5
2014,US,"Electric Generators, Electric Utilities",All Sources,"9,510",2783.0,675675.4,616631.5,-167.90000000002328
1990,US,"Electric Generators, Electric Utilities",Coal,,475.0,322328.5,299780.8,
1991,US,"Electric Generators, Electric Utilities",Coal,,471.0,324092.0,299443.6,-337.20000000001164
1992,US,"Electric Generators, Electric Utilities",Coal,,471.0,324921.1,300385.4,941.8000000000466
1993,US,"Electric Generators, Electric Utilities",Coal,,468.0,324618.5,300634.5,249.09999999997672
1994,US,"Electric Generators, Electric Utilities",Coal,,468.0,324581.3,300940.9,306.4000000000233
1995,US,"Electric Generators, Electric Utilities",Coal,,465.0,324389.8,300568.7,-372.20000000001164
1996,US,"Electric Generators, Electric Utilities",Coal,,467.0,326457.2,302419.8,1851.0999999999767
1997,US,"Electric Generators, Electric Utilities",Coal,,467.0,325000.7,302865.8,446.0
1998,US,"Electric Generators, Electric Utilities",Coal,,456.0,320593.4,299738.9,-3126.899999999965
1999,US,"Electric Generators, Electric Utilities",Coal,,417.0,296882.7,277780.0,-21958.900000000023
2000,US,"Electric Generators, Electric Utilities",Coal,,393.0,278005.0,260990.0,-16790.0
2001,US,"Electric Generators, Electric Utilities",Coal,,373.0,260938.0,244451.0,-16539.0
2002,US,"Electric Generators, Electric Utilities",Coal,,365.0,260571.0,244056.0,-395.0
2003,US,"Electric Generators, Electric Utilities",Coal,,356.0,252567.0,236473.0,-7583.0
2004,US,"Electric Generators, Electric Utilities",Coal,,354.0,251732.0,235976.0,-497.0
2005,US,"Electric Generators, Electric Utilities",Coal,,347.0,245149.0,229705.0,-6271.0
2006,US,"Electric Generators, Electric Utilities",Coal,,345.0,246556.0,230644.0,939.0
2007,US,"Electric Generators, Electric Utilities",Coal,,341.0,247770.0,231289.0,645.0
2008,US,"Electric Generators, Electric Utilities",Coal,,338.0,248796.0,231857.0,568.0
2009,US,"Electric Generators, Electric Utilities",Coal,,341.0,252360.0,234397.0,2540.0
2010,US,"Electric Generators, Electric Utilities",Coal,,333.0,254543.0,235707.0,1310.0
2011,US,"Electric Generators, Electric Utilities",Coal,838,332.0,255891.1,236391.7,684.7000000000116
2012,US,"Electric Generators, Electric Utilities",Coal,790,315.0,252029.4,232078.5,-4313.200000000012
2013,US,"Electric Generators, Electric Utilities",Coal,749,300.0,248274.8,228478.0,-3600.5
2014,US,"Electric Generators, Electric Utilities",Coal,709,286.0,239580.5,219837.9,-8640.100000000006
1990,US,"Electric Generators, Electric Utilities",Geothermal,,,1794.5,1613.5,
1991,US,"Electric Generators, Electric Utilities",Geothermal,,,1714.6,1562.5,-51.0
1992,US,"Electric Generators, Electric Utilities",Geothermal,,,1868.6,1739.0,176.5
1993,US,"Electric Generators, Electric Utilities",Geothermal,,,1876.4,1747.3,8.299999999999955
1994,US,"Electric Generators, Electric Utilities",Geothermal,,,1876.4,1747.3,0.0
1995,US,"Electric Generators, Electric Utilities",Geothermal,,,1876.4,1747.3,0.0
1996,US,"Electric Generators, Electric Utilities",Geothermal,,,1746.4,1621.7,-125.59999999999991
1997,US,"Electric Generators, Electric Utilities",Geothermal,,,1746.4,1621.5,-0.20000000000004547
1998,US,"Electric Generators, Electric Utilities",Geothermal,,,1668.4,1549.5,-72.0
1999,US,"Electric Generators, Electric Utilities",Geothermal,,,259.6,273.0,-1276.5
2000,US,"Electric Generators, Electric Utilities",Geothermal,,4.0,260.0,273.0,0.0
2001,US,"Electric Generators, Electric Utilities",Geothermal,,4.0,257.0,271.0,-2.0
2002,US,"Electric Generators, Electric Utilities",Geothermal,,4.0,257.0,271.0,0.0
2003,US,"Electric Generators, Electric Utilities",Geothermal,,4.0,257.0,162.0,-109.0
2004,US,"Electric Generators, Electric Utilities",Geothermal,,3.0,246.0,152.0,-10.0
2005,US,"Electric Generators, Electric Utilities",Geothermal,,3.0,246.0,242.0,90.0
2006,US,"Electric Generators, Electric Utilities",Geothermal,,3.0,246.0,240.0,-2.0
2007,US,"Electric Generators, Electric Utilities",Geothermal,,3.0,258.0,158.0,-82.0
2008,US,"Electric Generators, Electric Utilities",Geothermal,,3.0,258.0,159.0,1.0
2009,US,"Electric Generators, Electric Utilities",Geothermal,,3.0,258.0,159.0,0.0
2010,US,"Electric Generators, Electric Utilities",Geothermal,,3.0,258.0,159.0,0.0
2011,US,"Electric Generators, Electric Utilities",Geothermal,6,3.0,258.1,158.9,-0.09999999999999432
2012,US,"Electric Generators, Electric Utilities",Geothermal,6,3.0,258.1,162.1,3.1999999999999886
2013,US,"Electric Generators, Electric Utilities",Geothermal,6,3.0,258.1,164.1,2.0
2014,US,"Electric Generators, Electric Utilities",Geothermal,6,3.0,264.8,164.1,0.0
1990,US,"Electric Generators, Electric Utilities",Hydroelectric,,1251.0,70198.0,71423.1,
1991,US,"Electric Generators, Electric Utilities",Hydroelectric,,1254.0,70591.5,73617.2,2194.0999999999913
1992,US,"Electric Generators, Electric Utilities",Hydroelectric,,1261.0,71338.1,72185.3,-1431.8999999999942
1993,US,"Electric Generators, Electric Utilities",Hydroelectric,,1286.0,71777.2,74763.2,2577.899999999994
1994,US,"Electric Generators, Electric Utilities",Hydroelectric,,1280.0,71912.2,74786.6,23.40000000000873
1995,US,"Electric Generators, Electric Utilities",Hydroelectric,,1244.0,72471.3,75274.0,487.3999999999942
1996,US,"Electric Generators, Electric Utilities",Hydroelectric,,1246.0,72565.7,73129.0,-2145.0
1997,US,"Electric Generators, Electric Utilities",Hydroelectric,,1239.0,73202.5,76177.2,3048.199999999997
1998,US,"Electric Generators, Electric Utilities",Hydroelectric,,1214.0,73084.5,75525.5,-651.6999999999971
1999,US,"Electric Generators, Electric Utilities",Hydroelectric,,1082.0,71585.8,74122.0,-1403.5
2000,US,"Electric Generators, Electric Utilities",Hydroelectric,,1057.0,71185.0,73738.0,-384.0
2001,US,"Electric Generators, Electric Utilities",Hydroelectric,,905.0,70633.0,72968.0,-770.0
2002,US,"Electric Generators, Electric Utilities",Hydroelectric,,907.0,70984.0,73391.0,423.0
2003,US,"Electric Generators, Electric Utilities",Hydroelectric,,900.0,71031.0,72827.0,-564.0
2004,US,"Electric Generators, Electric Utilities",Hydroelectric,,895.0,71124.0,71696.0,-1131.0
2005,US,"Electric Generators, Electric Utilities",Hydroelectric,,896.0,71289.0,71568.0,-128.0
2006,US,"Electric Generators, Electric Utilities",Hydroelectric,,894.0,71350.0,71840.0,272.0
2007,US,"Electric Generators, Electric Utilities",Hydroelectric,,890.0,71797.0,72186.0,346.0
2008,US,"Electric Generators, Electric Utilities",Hydroelectric,,886.0,71842.0,72142.0,-44.0
2009,US,"Electric Generators, Electric Utilities",Hydroelectric,,887.0,71994.0,72690.0,548.0
2010,US,"Electric Generators, Electric Utilities",Hydroelectric,,888.0,72260.0,72974.0,284.0
2011,US,"Electric Generators, Electric Utilities",Hydroelectric,"2,585",884.0,71636.6,72182.4,-791.6000000000058
2012,US,"Electric Generators, Electric Utilities",Hydroelectric,"2,567",875.0,71880.9,72505.1,322.70000000001164
2013,US,"Electric Generators, Electric Utilities",Hydroelectric,"2,561",873.0,72023.9,72755.2,250.09999999999127
2014,US,"Electric Generators, Electric Utilities",Hydroelectric,"2,607",889.0,72755.7,73725.4,970.1999999999971
1990,US,"Electric Generators, Electric Utilities",Natural Gas,,825.0,130157.6,121300.4,
1991,US,"Electric Generators, Electric Utilities",Natural Gas,,832.0,135858.8,126837.1,5536.700000000012
1992,US,"Electric Generators, Electric Utilities",Natural Gas,,836.0,137239.8,128149.0,1311.8999999999942
1993,US,"Electric Generators, Electric Utilities",Natural Gas,,850.0,142402.3,132427.3,4278.299999999988
1994,US,"Electric Generators, Electric Utilities",Natural Gas,,860.0,142734.9,133620.1,1192.8000000000175
1995,US,"Electric Generators, Electric Utilities",Natural Gas,,868.0,152359.3,142295.2,8675.100000000006
1996,US,"Electric Generators, Electric Utilities",Natural Gas,,878.0,150110.5,139936.2,-2359.0
1997,US,"Electric Generators, Electric Utilities",Natural Gas,,878.0,151102.4,141713.2,1777.0
1998,US,"Electric Generators, Electric Utilities",Natural Gas,,844.0,139677.4,130404.3,-11308.900000000009
1999,US,"Electric Generators, Electric Utilities",Natural Gas,,820.0,133230.6,123192.5,-7211.800000000003
2000,US,"Electric Generators, Electric Utilities",Natural Gas,,808.0,134016.0,123665.0,472.5
2001,US,"Electric Generators, Electric Utilities",Natural Gas,,646.0,124988.0,112841.0,-10824.0
2002,US,"Electric Generators, Electric Utilities",Natural Gas,,670.0,142178.0,127692.0,14851.0
2003,US,"Electric Generators, Electric Utilities",Natural Gas,,672.0,141016.0,125612.0,-2080.0
2004,US,"Electric Generators, Electric Utilities",Natural Gas,,680.0,149136.0,131734.0,6122.0
2005,US,"Electric Generators, Electric Utilities",Natural Gas,,719.0,167664.0,147752.0,16018.0
2006,US,"Electric Generators, Electric Utilities",Natural Gas,,741.0,179823.0,157742.0,9990.0
2007,US,"Electric Generators, Electric Utilities",Natural Gas,,746.0,186394.0,162756.0,5014.0
2008,US,"Electric Generators, Electric Utilities",Natural Gas,,765.0,198742.0,173106.0,10350.0
2009,US,"Electric Generators, Electric Utilities",Natural Gas,,768.0,207318.0,180571.0,7465.0
2010,US,"Electric Generators, Electric Utilities",Natural Gas,,775.0,212356.0,184231.0,3660.0
2011,US,"Electric Generators, Electric Utilities",Natural Gas,"2,779",777.0,223433.1,193630.5,9399.5
2012,US,"Electric Generators, Electric Utilities",Natural Gas,"2,853",797.0,239366.1,206774.4,13143.899999999994
2013,US,"Electric Generators, Electric Utilities",Natural Gas,"2,784",787.0,240670.7,208485.7,1711.3000000000175
2014,US,"Electric Generators, Electric Utilities",Natural Gas,"2,840",803.0,248968.6,215690.8,7205.099999999977
1990,US,"Electric Generators, Electric Utilities",Nuclear,,71.0,107980.0,99623.6,
1991,US,"Electric Generators, Electric Utilities",Nuclear,,71.0,108443.3,99588.9,-34.70000000001164
1992,US,"Electric Generators, Electric Utilities",Nuclear,,70.0,107849.8,98985.4,-603.5
1993,US,"Electric Generators, Electric Utilities",Nuclear,,69.0,107848.8,99041.1,55.70000000001164
1994,US,"Electric Generators, Electric Utilities",Nuclear,,69.0,107856.9,99148.3,107.19999999999709
1995,US,"Electric Generators, Electric Utilities",Nuclear,,69.0,107896.2,99514.9,366.59999999999127
1996,US,"Electric Generators, Electric Utilities",Nuclear,,69.0,108976.1,100784.4,1269.5
1997,US,"Electric Generators, Electric Utilities",Nuclear,,67.0,107632.3,99715.6,-1068.7999999999884
1998,US,"Electric Generators, Electric Utilities",Nuclear,,66.0,104756.9,97069.7,-2645.9000000000087
1999,US,"Electric Generators, Electric Utilities",Nuclear,,63.0,102290.7,95029.7,-2040.0
2000,US,"Electric Generators, Electric Utilities",Nuclear,,56.0,92111.0,85968.0,-9061.699999999997
2001,US,"Electric Generators, Electric Utilities",Nuclear,,43.0,67412.0,63060.0,-22908.0
2002,US,"Electric Generators, Electric Utilities",Nuclear,,43.0,67412.0,63202.0,142.0
2003,US,"Electric Generators, Electric Utilities",Nuclear,,42.0,64670.0,60964.0,-2238.0
2004,US,"Electric Generators, Electric Utilities",Nuclear,,41.0,64297.0,60651.0,-313.0
2005,US,"Electric Generators, Electric Utilities",Nuclear,,37.0,59679.0,56564.0,-4087.0
2006,US,"Electric Generators, Electric Utilities",Nuclear,,36.0,59082.0,56143.0,-421.0
2007,US,"Electric Generators, Electric Utilities",Nuclear,,34.0,57222.0,54211.0,-1932.0
2008,US,"Electric Generators, Electric Utilities",Nuclear,,34.0,57303.0,54376.0,165.0
2009,US,"Electric Generators, Electric Utilities",Nuclear,,34.0,57591.0,54355.0,-21.0
2010,US,"Electric Generators, Electric Utilities",Nuclear,,34.0,57591.0,54369.0,14.0
2011,US,"Electric Generators, Electric Utilities",Nuclear,56,34.0,57623.4,54351.6,-17.400000000001455
2012,US,"Electric Generators, Electric Utilities",Nuclear,56,34.0,58439.1,54716.7,365.09999999999854
2013,US,"Electric Generators, Electric Utilities",Nuclear,53,32.0,55177.5,52399.1,-2317.5999999999985
2014,US,"Electric Generators, Electric Utilities",Nuclear,53,32.0,55177.8,52390.9,-8.19999999999709
1990,US,"Electric Generators, Electric Utilities",Other,,43.0,0.2,0.2,
1997,US,"Electric Generators, Electric Utilities",Other,,62.0,234.4,222.0,221.8
1998,US,"Electric Generators, Electric Utilities",Other,,59.0,234.4,228.9,6.900000000000006
1999,US,"Electric Generators, Electric Utilities",Other,,46.0,234.4,223.8,-5.099999999999994
2000,US,"Electric Generators, Electric Utilities",Other,,28.0,13.0,13.0,-210.8
2001,US,"Electric Generators, Electric Utilities",Other,,1.0,13.0,13.0,0.0
2003,US,"Electric Generators, Electric Utilities",Other,,1.0,13.0,13.0,0.0
2004,US,"Electric Generators, Electric Utilities",Other,,1.0,13.0,13.0,0.0
2005,US,"Electric Generators, Electric Utilities",Other,,1.0,50.0,39.0,26.0
2006,US,"Electric Generators, Electric Utilities",Other,,1.0,50.0,39.0,0.0
2007,US,"Electric Generators, Electric Utilities",Other,,1.0,50.0,39.0,0.0
2008,US,"Electric Generators, Electric Utilities",Other,,1.0,50.0,39.0,0.0
2009,US,"Electric Generators, Electric Utilities",Other,,1.0,50.0,39.0,0.0
2011,US,"Electric Generators, Electric Utilities",Other,1,1.0,5.3,5.3,-33.7
2012,US,"Electric Generators, Electric Utilities",Other,6,5.0,76.2,60.7,55.400000000000006
2013,US,"Electric Generators, Electric Utilities",Other,18,15.0,978.9,787.3,726.5999999999999
2014,US,"Electric Generators, Electric Utilities",Other,25,20.0,1102.6,914.5,127.20000000000005
1990,US,"Electric Generators, Electric Utilities",Other Biomass,,,312.9,272.6,
1991,US,"Electric Generators, Electric Utilities",Other Biomass,,,275.7,243.8,-28.80000000000001
1992,US,"Electric Generators, Electric Utilities",Other Biomass,,,275.7,243.8,0.0
1993,US,"Electric Generators, Electric Utilities",Other Biomass,,,278.9,243.9,0.09999999999999432
1994,US,"Electric Generators, Electric Utilities",Other Biomass,,,318.9,266.9,22.99999999999997
1995,US,"Electric Generators, Electric Utilities",Other Biomass,,,318.9,263.9,-3.0
1996,US,"Electric Generators, Electric Utilities",Other Biomass,,,253.5,229.7,-34.19999999999999
1997,US,"Electric Generators, Electric Utilities",Other Biomass,,,258.7,234.9,5.200000000000017
1998,US,"Electric Generators, Electric Utilities",Other Biomass,,,259.0,235.8,0.9000000000000057
1999,US,"Electric Generators, Electric Utilities",Other Biomass,,,265.4,243.4,7.599999999999994
2000,US,"Electric Generators, Electric Utilities",Other Biomass,,,267.0,247.0,3.5999999999999943
2001,US,"Electric Generators, Electric Utilities",Other Biomass,,,336.0,335.0,88.0
2002,US,"Electric Generators, Electric Utilities",Other Biomass,,,355.0,350.0,15.0
2003,US,"Electric Generators, Electric Utilities",Other Biomass,,,360.0,346.0,-4.0
2004,US,"Electric Generators, Electric Utilities",Other Biomass,,,176.0,160.0,-186.0
2005,US,"Electric Generators, Electric Utilities",Other Biomass,,,149.0,136.0,-24.0
2006,US,"Electric Generators, Electric Utilities",Other Biomass,,,191.0,172.0,36.0
2007,US,"Electric Generators, Electric Utilities",Other Biomass,,,313.0,290.0,118.0
2008,US,"Electric Generators, Electric Utilities",Other Biomass,,32.0,297.0,276.0,-14.0
2009,US,"Electric Generators, Electric Utilities",Other Biomass,,34.0,379.0,327.0,51.0
2010,US,"Electric Generators, Electric Utilities",Other Biomass,,37.0,346.0,325.0,-2.0
2011,US,"Electric Generators, Electric Utilities",Other Biomass,143,40.0,385.1,355.5,30.5
2012,US,"Electric Generators, Electric Utilities",Other Biomass,162,48.0,549.0,476.7,121.19999999999999
2013,US,"Electric Generators, Electric Utilities",Other Biomass,163,48.0,542.4,477.4,0.6999999999999886
2014,US,"Electric Generators, Electric Utilities",Other Biomass,167,49.0,547.4,483.7,6.300000000000011
1990,US,"Electric Generators, Electric Utilities",Other Gases,,,474.2,374.5,
1991,US,"Electric Generators, Electric Utilities",Other Gases,,,823.8,691.8,317.29999999999995
1992,US,"Electric Generators, Electric Utilities",Other Gases,,,823.8,691.8,0.0
1993,US,"Electric Generators, Electric Utilities",Other Gases,,,823.8,698.1,6.300000000000068
1994,US,"Electric Generators, Electric Utilities",Other Gases,,,823.8,698.1,0.0
1995,US,"Electric Generators, Electric Utilities",Other Gases,,,382.0,290.5,-407.6
1996,US,"Electric Generators, Electric Utilities",Other Gases,,,77.5,62.5,-228.0
1997,US,"Electric Generators, Electric Utilities",Other Gases,,,269.5,205.5,143.0
1998,US,"Electric Generators, Electric Utilities",Other Gases,,,66.0,55.2,-150.3
1999,US,"Electric Generators, Electric Utilities",Other Gases,,,258.0,220.3,165.10000000000002
2000,US,"Electric Generators, Electric Utilities",Other Gases,,1.0,66.0,57.0,-163.3
2001,US,"Electric Generators, Electric Utilities",Other Gases,,1.0,66.0,57.0,0.0
2002,US,"Electric Generators, Electric Utilities",Other Gases,,1.0,66.0,61.0,4.0
2003,US,"Electric Generators, Electric Utilities",Other Gases,,1.0,66.0,61.0,0.0
2004,US,"Electric Generators, Electric Utilities",Other Gases,,1.0,66.0,58.0,-3.0
2006,US,"Electric Generators, Electric Utilities",Other Gases,,1.0,104.0,104.0,46.0
2007,US,"Electric Generators, Electric Utilities",Other Gases,,1.0,104.0,104.0,0.0
2010,US,"Electric Generators, Electric Utilities",Other Gases,,3.0,680.0,539.0,435.0
2013,US,"Electric Generators, Electric Utilities",Other Gases,4,1.0,13.2,12.0,-527.0
2014,US,"Electric Generators, Electric Utilities",Other Gases,4,1.0,13.2,12.0,0.0
1990,US,"Electric Generators, Electric Utilities",Petroleum,,879.0,84545.2,76390.1,
1991,US,"Electric Generators, Electric Utilities",Petroleum,,868.0,79831.7,72393.0,-3997.100000000006
1992,US,"Electric Generators, Electric Utilities",Petroleum,,855.0,78708.6,71265.6,-1127.3999999999942
1993,US,"Electric Generators, Electric Utilities",Petroleum,,830.0,76461.7,69045.9,-2219.7000000000116
1994,US,"Electric Generators, Electric Utilities",Petroleum,,893.0,77168.8,69548.9,503.0
1995,US,"Electric Generators, Electric Utilities",Petroleum,,890.0,71891.5,64451.3,-5097.599999999991
1996,US,"Electric Generators, Electric Utilities",Petroleum,,889.0,77678.6,70420.9,5969.599999999991
1997,US,"Electric Generators, Electric Utilities",Petroleum,,892.0,76529.0,69557.4,-863.5
1998,US,"Electric Generators, Electric Utilities",Petroleum,,887.0,69529.2,62704.0,-6853.399999999994
1999,US,"Electric Generators, Electric Utilities",Petroleum,,860.0,54275.1,49020.2,-13683.800000000003
2000,US,"Electric Generators, Electric Utilities",Petroleum,,827.0,45664.0,41032.0,-7988.199999999997
2001,US,"Electric Generators, Electric Utilities",Petroleum,,827.0,42837.0,38456.0,-2576.0
2002,US,"Electric Generators, Electric Utilities",Petroleum,,839.0,37452.0,33876.0,-4580.0
2003,US,"Electric Generators, Electric Utilities",Petroleum,,856.0,36169.0,32570.0,-1306.0
2004,US,"Electric Generators, Electric Utilities",Petroleum,,853.0,34832.0,31415.0,-1155.0
2005,US,"Electric Generators, Electric Utilities",Petroleum,,851.0,34447.0,30867.0,-548.0
2006,US,"Electric Generators, Electric Utilities",Petroleum,,858.0,33962.0,30419.0,-448.0
2007,US,"Electric Generators, Electric Utilities",Petroleum,,854.0,32641.0,29115.0,-1304.0
2008,US,"Electric Generators, Electric Utilities",Petroleum,,872.0,34144.0,30657.0,1542.0
2009,US,"Electric Generators, Electric Utilities",Petroleum,,868.0,33864.0,30174.0,-483.0
2010,US,"Electric Generators, Electric Utilities",Petroleum,,868.0,32973.0,28972.0,-1202.0
2011,US,"Electric Generators, Electric Utilities",Petroleum,"2,795",829.0,31537.3,27669.9,-1302.0999999999985
2012,US,"Electric Generators, Electric Utilities",Petroleum,"2,748",815.0,30546.1,26731.8,-938.1000000000022
2013,US,"Electric Generators, Electric Utilities",Petroleum,"2,658",795.0,28234.3,24648.8,-2083.0
2014,US,"Electric Generators, Electric Utilities",Petroleum,"2,614",780.0,27455.7,24045.0,-603.7999999999993
1990,US,"Electric Generators, Electric Utilities",Pumped Storage,,2.0,17036.8,19462.0,
1991,US,"Electric Generators, Electric Utilities",Pumped Storage,,2.0,18101.8,18413.6,-1048.4000000000015
1992,US,"Electric Generators, Electric Utilities",Pumped Storage,,2.0,18401.9,21189.7,2776.100000000002
1993,US,"Electric Generators, Electric Utilities",Pumped Storage,,2.0,18377.9,21146.4,-43.29999999999927
1994,US,"Electric Generators, Electric Utilities",Pumped Storage,,2.0,18417.9,21207.9,61.5
1995,US,"Electric Generators, Electric Utilities",Pumped Storage,,37.0,18643.1,21386.6,178.6999999999971
1996,US,"Electric Generators, Electric Utilities",Pumped Storage,,37.0,18386.5,21110.2,-276.3999999999978
1997,US,"Electric Generators, Electric Utilities",Pumped Storage,,37.0,18669.1,19310.1,-1800.1000000000022
1998,US,"Electric Generators, Electric Utilities",Pumped Storage,,36.0,18071.1,18898.1,-412.0
1999,US,"Electric Generators, Electric Utilities",Pumped Storage,,37.0,18213.9,18944.9,46.80000000000291
2000,US,"Electric Generators, Electric Utilities",Pumped Storage,,35.0,17480.0,18020.0,-924.9000000000015
2001,US,"Electric Generators, Electric Utilities",Pumped Storage,,33.0,16679.0,17097.0,-923.0
2002,US,"Electric Generators, Electric Utilities",Pumped Storage,,34.0,16985.0,17807.0,710.0
2003,US,"Electric Generators, Electric Utilities",Pumped Storage,,34.0,16986.0,17803.0,-4.0
2004,US,"Electric Generators, Electric Utilities",Pumped Storage,,35.0,17222.0,18048.0,245.0
2005,US,"Electric Generators, Electric Utilities",Pumped Storage,,34.0,16753.0,18195.0,147.0
2006,US,"Electric Generators, Electric Utilities",Pumped Storage,,34.0,16753.0,18301.0,106.0
2007,US,"Electric Generators, Electric Utilities",Pumped Storage,,34.0,17515.0,18693.0,392.0
2008,US,"Electric Generators, Electric Utilities",Pumped Storage,,34.0,17515.0,18664.0,-29.0
2009,US,"Electric Generators, Electric Utilities",Pumped Storage,,34.0,17698.0,18930.0,266.0
2010,US,"Electric Generators, Electric Utilities",Pumped Storage,,34.0,17698.0,18969.0,39.0
2011,US,"Electric Generators, Electric Utilities",Pumped Storage,134,35.0,17703.7,19062.2,93.20000000000073
2012,US,"Electric Generators, Electric Utilities",Pumped Storage,136,36.0,17745.7,19093.9,31.700000000000728
2013,US,"Electric Generators, Electric Utilities",Pumped Storage,136,36.0,18489.5,19114.9,21.0
2014,US,"Electric Generators, Electric Utilities",Pumped Storage,133,35.0,18484.1,19121.3,6.399999999997817
1990,US,"Electric Generators, Electric Utilities",Solar Thermal and Photovoltaic,,,3.4,3.3,
1991,US,"Electric Generators, Electric Utilities",Solar Thermal and Photovoltaic,,,3.4,3.3,0.0
1992,US,"Electric Generators, Electric Utilities",Solar Thermal and Photovoltaic,,,3.4,3.3,0.0
1993,US,"Electric Generators, Electric Utilities",Solar Thermal and Photovoltaic,,,4.4,4.3,1.0
1994,US,"Electric Generators, Electric Utilities",Solar Thermal and Photovoltaic,,,4.1,4.0,-0.2999999999999998
1995,US,"Electric Generators, Electric Utilities",Solar Thermal and Photovoltaic,,,4.1,4.0,0.0
1996,US,"Electric Generators, Electric Utilities",Solar Thermal and Photovoltaic,,,4.1,4.0,0.0
1997,US,"Electric Generators, Electric Utilities",Solar Thermal and Photovoltaic,,,5.3,5.2,1.2000000000000002
1998,US,"Electric Generators, Electric Utilities",Solar Thermal and Photovoltaic,,,5.2,5.2,0.0
1999,US,"Electric Generators, Electric Utilities",Solar Thermal and Photovoltaic,,,4.6,4.6,-0.6000000000000005
2000,US,"Electric Generators, Electric Utilities",Solar Thermal and Photovoltaic,,,5.0,5.0,0.40000000000000036
2001,US,"Electric Generators, Electric Utilities",Solar Thermal and Photovoltaic,,5.0,4.0,4.0,-1.0
2002,US,"Electric Generators, Electric Utilities",Solar Thermal and Photovoltaic,,4.0,4.0,9.0,5.0
2003,US,"Electric Generators, Electric Utilities",Solar Thermal and Photovoltaic,,5.0,10.0,9.0,0.0
2004,US,"Electric Generators, Electric Utilities",Solar Thermal and Photovoltaic,,5.0,10.0,10.0,1.0
2005,US,"Electric Generators, Electric Utilities",Solar Thermal and Photovoltaic,,6.0,11.0,11.0,1.0
2006,US,"Electric Generators, Electric Utilities",Solar Thermal and Photovoltaic,,6.0,11.0,11.0,0.0
2007,US,"Electric Generators, Electric Utilities",Solar Thermal and Photovoltaic,,7.0,12.0,12.0,1.0
2008,US,"Electric Generators, Electric Utilities",Solar Thermal and Photovoltaic,,8.0,14.0,14.0,2.0
2009,US,"Electric Generators, Electric Utilities",Solar Thermal and Photovoltaic,,11.0,42.0,42.0,28.0
2010,US,"Electric Generators, Electric Utilities",Solar Thermal and Photovoltaic,,29.0,155.0,154.0,112.0
2011,US,"Electric Generators, Electric Utilities",Solar Thermal and Photovoltaic,70,50.0,202.9,202.4,48.400000000000006
2012,US,"Electric Generators, Electric Utilities",Solar Thermal and Photovoltaic,108,71.0,333.1,332.2,129.79999999999998
2013,US,"Electric Generators, Electric Utilities",Solar Thermal and Photovoltaic,133,81.0,488.2,487.9,155.7
2014,US,"Electric Generators, Electric Utilities",Solar Thermal and Photovoltaic,144,91.0,568.9,568.5,80.60000000000002
1990,US,"Electric Generators, Electric Utilities",Wind,,6.0,0.6,0.4,
1991,US,"Electric Generators, Electric Utilities",Wind,,6.0,0.6,0.4,0.0
1992,US,"Electric Generators, Electric Utilities",Wind,,5.0,0.5,0.3,-0.10000000000000003
1993,US,"Electric Generators, Electric Utilities",Wind,,7.0,0.8,0.7,0.39999999999999997
1994,US,"Electric Generators, Electric Utilities",Wind,,8.0,7.7,7.7,7.0
1995,US,"Electric Generators, Electric Utilities",Wind,,6.0,7.6,7.6,-0.10000000000000053
1996,US,"Electric Generators, Electric Utilities",Wind,,6.0,7.6,7.6,0.0
1997,US,"Electric Generators, Electric Utilities",Wind,,7.0,13.7,13.7,6.1
1998,US,"Electric Generators, Electric Utilities",Wind,,8.0,15.6,8.7,-5.0
1999,US,"Electric Generators, Electric Utilities",Wind,,14.0,43.8,29.4,20.7
2000,US,"Electric Generators, Electric Utilities",Wind,,20.0,71.0,54.0,24.6
2001,US,"Electric Generators, Electric Utilities",Wind,,18.0,74.0,60.0,6.0
2002,US,"Electric Generators, Electric Utilities",Wind,,18.0,136.0,111.0,51.0
2003,US,"Electric Generators, Electric Utilities",Wind,,25.0,175.0,140.0,29.0
2004,US,"Electric Generators, Electric Utilities",Wind,,27.0,346.0,326.0,186.0
2005,US,"Electric Generators, Electric Utilities",Wind,,30.0,776.0,765.0,439.0
2006,US,"Electric Generators, Electric Utilities",Wind,,36.0,1443.0,1441.0,676.0
2007,US,"Electric Generators, Electric Utilities",Wind,,40.0,1987.0,1928.0,487.0
2008,US,"Electric Generators, Electric Utilities",Wind,,54.0,3502.0,3190.0,1262.0
2009,US,"Electric Generators, Electric Utilities",Wind,,73.0,4969.0,4655.0,1465.0
2010,US,"Electric Generators, Electric Utilities",Wind,,79.0,5638.0,5338.0,683.0
2011,US,"Electric Generators, Electric Utilities",Wind,151,89.0,7006.1,6735.2,1397.1999999999998
2012,US,"Electric Generators, Electric Utilities",Wind,179,109.0,8948.4,8488.7,1753.500000000001
2013,US,"Electric Generators, Electric Utilities",Wind,182,110.0,9003.3,8424.7,-64.0
2014,US,"Electric Generators, Electric Utilities",Wind,189,116.0,9978.8,9022.6,597.8999999999996
1990,US,"Electric Generators, Electric Utilities",Wood and Wood Derived Fuels,,,219.5,220.9,
1991,US,"Electric Generators, Electric Utilities",Wood and Wood Derived Fuels,,,219.5,220.9,0.0
1992,US,"Electric Generators, Electric Utilities",Wood and Wood Derived Fuels,,,219.5,220.9,0.0
1993,US,"Electric Generators, Electric Utilities",Wood and Wood Derived Fuels,,,219.5,218.6,-2.3000000000000114
1994,US,"Electric Generators, Electric Utilities",Wood and Wood Derived Fuels,,,251.5,252.0,33.400000000000006
1995,US,"Electric Generators, Electric Utilities",Wood and Wood Derived Fuels,,,301.5,307.0,55.0
1996,US,"Electric Generators, Electric Utilities",Wood and Wood Derived Fuels,,,220.0,215.6,-91.4
1997,US,"Electric Generators, Electric Utilities",Wood and Wood Derived Fuels,,,260.8,247.3,31.700000000000017
1998,US,"Electric Generators, Electric Utilities",Wood and Wood Derived Fuels,,,298.3,268.0,20.69999999999999
1999,US,"Electric Generators, Electric Utilities",Wood and Wood Derived Fuels,,,266.3,239.7,-28.30000000000001
2000,US,"Electric Generators, Electric Utilities",Wood and Wood Derived Fuels,,,286.0,259.0,19.30000000000001
2001,US,"Electric Generators, Electric Utilities",Wood and Wood Derived Fuels,,8.0,336.0,309.0,50.0
2002,US,"Electric Generators, Electric Utilities",Wood and Wood Derived Fuels,,6.0,275.0,248.0,-61.0
2003,US,"Electric Generators, Electric Utilities",Wood and Wood Derived Fuels,,6.0,315.0,268.0,20.0
2004,US,"Electric Generators, Electric Utilities",Wood and Wood Derived Fuels,,7.0,355.0,313.0,45.0
2005,US,"Electric Generators, Electric Utilities",Wood and Wood Derived Fuels,,8.0,436.0,391.0,78.0
2006,US,"Electric Generators, Electric Utilities",Wood and Wood Derived Fuels,,9.0,486.0,428.0,37.0
2007,US,"Electric Generators, Electric Utilities",Wood and Wood Derived Fuels,,9.0,463.0,418.0,-10.0
2008,US,"Electric Generators, Electric Utilities",Wood and Wood Derived Fuels,,9.0,462.0,427.0,9.0
2009,US,"Electric Generators, Electric Utilities",Wood and Wood Derived Fuels,,9.0,462.0,431.0,4.0
2010,US,"Electric Generators, Electric Utilities",Wood and Wood Derived Fuels,,9.0,462.0,414.0,-17.0
2011,US,"Electric Generators, Electric Utilities",Wood and Wood Derived Fuels,13,8.0,419.9,359.1,-54.89999999999998
2012,US,"Electric Generators, Electric Utilities",Wood and Wood Derived Fuels,13,8.0,419.9,364.1,5.0
2013,US,"Electric Generators, Electric Utilities",Wood and Wood Derived Fuels,16,12.0,673.4,564.3,200.19999999999993
2014,US,"Electric Generators, Electric Utilities",Wood and Wood Derived Fuels,19,14.0,777.3,654.8,90.5
